【整租】花乡 乐乎城市青年社区 1室1厅,【整租】花乡,2500,http://bj.58.com/pinpaigongyu/33054801836329x.shtml?psid=173624084199106012124589171
【整租】角门 乐乎公寓 1室1厅,【整租】角门,3300,http://bj.58.com/pinpaigongyu/33059434816690x.shtml?psid=173624084199106012124589171
【整租】科技园区 大葆台 1室1厅,大葆台,2200,http://bj.58.com/pinpaigongyu/33091679038905x.shtml?psid=173624084199106012124589171
【整租】定福庄 传媒大学乐乎城市 1室1厅,传媒大学乐乎城市,2550,http://bj.58.com/pinpaigongyu/32348489293117x.shtml?psid=173624084199106012124589171
【整租】双桥 乐乎城市青年社区 1室1厅,【整租】双桥,2550,http://bj.58.com/pinpaigongyu/32946137209537x.shtml?psid=173624084199106012124589171
【整租】定福庄 三间房南里 1室1厅,三间房南里,2550,http://bj.58.com/pinpaigongyu/32470919755722x.shtml?psid=173624084199106012124589171
【整租】欢乐谷 乐乎城市青年社区 1室1厅,【整租】欢乐谷,2300,http://bj.58.com/pinpaigongyu/32479045992877x.shtml?psid=173624084199106012124589171
【整租】十里河 十里河乐乎城市青 1室1厅,十里河乐乎城市青,3300,http://bj.58.com/pinpaigongyu/32347837565878x.shtml?psid=173624084199106012124589171
【整租】角门 乐乎城市社区 1室1厅,乐乎城市社区,3300,http://bj.58.com/pinpaigongyu/32964511288755x.shtml?psid=173624084199106012124589171
【整租】欢乐谷 欢乐谷 1室1厅,欢乐谷,2450,http://bj.58.com/pinpaigongyu/32345925175116x.shtml?psid=173624084199106012124589171
【整租】六里桥 首科花园 1室0厅,首科花园,2800,http://bj.58.com/pinpaigongyu/31449435693509x.shtml?psid=173624084199106012124589171
【整租】魔方公寓 梨园 通州梨园店,梨园,3800-4200,http://bj.58.com/pinpaigongyu/32954349957676x.shtml?psid=173624084199106012124589171
【整租】劲松 劲松五区 1室1厅,劲松五区,3700,http://bj.58.com/pinpaigongyu/31572725404738x.shtml?psid=173624084199106012124589171
【整租】沙河 宝铂公寓恒大城 2室1厅,【整租】沙河,4000,http://bj.58.com/pinpaigongyu/33079176824745x.shtml?psid=173624084199106012124589171
【合租】四惠 通惠家园惠生园 5室主卧,通惠家园惠生园,2760,http://bj.58.com/pinpaigongyu/33075304310986x.shtml?psid=173624084199106012124589171
【整租】青遇home 高碑店 青遇店,高碑店,2500-3200,http://bj.58.com/pinpaigongyu/33042472711601x.shtml?psid=173624084199106012124589171
【合租】北关 新建村 3室次卧,新建村,2360,http://bj.58.com/pinpaigongyu/31530931423534x.shtml?psid=173624084199106012124589171
【整租】昌平县城 中兴路17号院 1室1厅,中兴路17号院,3000,http://bj.58.com/pinpaigongyu/32917713575751x.shtml?psid=173624084199106012124589171
【整租】潘家园 北工大熊猫公寓 1室0厅,【整租】潘家园,3280,http://bj.58.com/pinpaigongyu/33077405872193x.shtml?psid=173624084199106012124589171
【合租】朝青板块 雅成一里 4室次卧,雅成一里,2730,http://bj.58.com/pinpaigongyu/33066514231851x.shtml?psid=173624084199106012124589171
【整租】科技园区 公交驾校 1室1厅,公交驾校,2200,http://bj.58.com/pinpaigongyu/33091650101196x.shtml?psid=105388699199106012162005895
【整租】四惠 乐乎城市青年社区 1室1厅,【整租】四惠,2550,http://bj.58.com/pinpaigongyu/32592320147779x.shtml?psid=105388699199106012162005895
【整租】欢乐谷 乐乎城市青年社区 1室1厅,【整租】欢乐谷,2450,http://bj.58.com/pinpaigongyu/32336798948666x.shtml?psid=105388699199106012162005895
【整租】角门 乐乎城市青年社区 1室1厅,【整租】角门,3300,http://bj.58.com/pinpaigongyu/32789423217868x.shtml?psid=105388699199106012162005895
【整租】玉泉营 首经贸中街1号院 1室1厅,首经贸中街1号院,2500,http://bj.58.com/pinpaigongyu/32621897560881x.shtml?psid=105388699199106012162005895
【整租】角门 乐乎城市青年社区 1室1厅,【整租】角门,3300,http://bj.58.com/pinpaigongyu/32789463021375x.shtml?psid=105388699199106012162005895
【整租】百子湾 乐乎城市青年社区 1室1厅,【整租】百子湾,2800,http://bj.58.com/pinpaigongyu/32654160541997x.shtml?psid=105388699199106012162005895
【整租】百子湾 乐乎城市青年社区 1室1厅,【整租】百子湾,2700,http://bj.58.com/pinpaigongyu/32854082918724x.shtml?psid=105388699199106012162005895
【整租】百子湾 乐乎城市青年社区 1室1厅,【整租】百子湾,2750,http://bj.58.com/pinpaigongyu/32594905786040x.shtml?psid=105388699199106012162005895
【整租】百子湾 乐乎城市青年社区 1室1厅,【整租】百子湾,2750,http://bj.58.com/pinpaigongyu/32688127930953x.shtml?psid=105388699199106012162005895
【合租】亦庄 南海家园六里 3室次卧,南海家园六里,2600,http://bj.58.com/pinpaigongyu/31988860676417x.shtml?psid=105388699199106012162005895
【整租】乐乎社区 科技园区 乐乎大葆台店,科技园区,3500-3600,http://bj.58.com/pinpaigongyu/32502718712127x.shtml?psid=105388699199106012162005895
【合租】双井 合生国际花园(一 4室次卧,合生国际花园(一,2850,http://bj.58.com/pinpaigongyu/32478438607308x.shtml?psid=105388699199106012162005895
【整租】双桥 东星时尚广场 1室1厅,东星时尚广场,2799,http://bj.58.com/pinpaigongyu/31573207031879x.shtml?psid=105388699199106012162005895
【合租】CBD 阳光100国际公 4室主卧,阳光100国际公,3500,http://bj.58.com/pinpaigongyu/33003987973711x.shtml?psid=105388699199106012162005895
【整租】远江公寓 运河大街 运河大街店,运河大街,3980-4280,http://bj.58.com/pinpaigongyu/32665678810939x.shtml?psid=105388699199106012162005895
【合租】十里堡 爱这城二期 4室次卧,爱这城二期,3000,http://bj.58.com/pinpaigongyu/31527087294529x.shtml?psid=105388699199106012162005895
【整租】高碑店 传媒大学函数社区 1室1厅,传媒大学函数社区,4000,http://bj.58.com/pinpaigongyu/32854301731404x.shtml?psid=105388699199106012162005895
【整租】东坝 北京城建福润四季 1室1厅,北京城建福润四季,3900,http://bj.58.com/pinpaigongyu/31708005091012x.shtml?psid=105388699199106012162005895
【整租】马连道 格调小区 1室0厅,格调小区,2800,http://bj.58.com/pinpaigongyu/31427287272111x.shtml?psid=105388699199106012162005895
【整租】双桥 乐乎城市青年社区 1室1厅,【整租】双桥,2550,http://bj.58.com/pinpaigongyu/32536245900986x.shtml?psid=106977897199106012209650356
【整租】花乡 乐乎城市青年社区 1室1厅,【整租】花乡,2500,http://bj.58.com/pinpaigongyu/32865879436471x.shtml?psid=106977897199106012209650356
【整租】芍药居 芍药居城市青年社 1室1厅,芍药居城市青年社,3100,http://bj.58.com/pinpaigongyu/32348622734928x.shtml?psid=106977897199106012209650356
【整租】百子湾 乐乎城市青年社区 1室1厅,【整租】百子湾,2800,http://bj.58.com/pinpaigongyu/32799045493931x.shtml?psid=106977897199106012209650356
【整租】双桥 乐乎城市青年社区 1室1厅,【整租】双桥,2600,http://bj.58.com/pinpaigongyu/32832274814654x.shtml?psid=106977897199106012209650356
【整租】马家堡 公益西桥乐乎城市 1室1厅,公益西桥乐乎城市,3300,http://bj.58.com/pinpaigongyu/32347940381743x.shtml?psid=106977897199106012209650356
【整租】玉泉营 首经贸中街1号院 1室1厅,首经贸中街1号院,2500,http://bj.58.com/pinpaigongyu/32425000629943x.shtml?psid=106977897199106012209650356
【整租】四惠 乐乎城市青年社区 1室1厅,【整租】四惠,2500,http://bj.58.com/pinpaigongyu/32423946156845x.shtml?psid=106977897199106012209650356
【整租】百子湾 乐乎城市青年社区 1室1厅,【整租】百子湾,2750,http://bj.58.com/pinpaigongyu/32632584999995x.shtml?psid=106977897199106012209650356
【整租】木樨园 乐乎城市青年社区 1室1厅,【整租】木樨园,3200,http://bj.58.com/pinpaigongyu/32623478094766x.shtml?psid=106977897199106012209650356
【合租】双井 合生国际花园(一 4室次卧,合生国际花园(一,2850,http://bj.58.com/pinpaigongyu/32448332633792x.shtml?psid=106977897199106012209650356
【整租】乐乎公寓 常营 东晓景店,常营,2300-2700,http://bj.58.com/pinpaigongyu/32426105824811x.shtml?psid=106977897199106012209650356
【整租】马连道 欧园北欧印象 1室0厅,欧园北欧印象,3000,http://bj.58.com/pinpaigongyu/31449511089984x.shtml?psid=106977897199106012209650356
【合租】孙河 康营家园25期 3室次卧,康营家园25期,2080,http://bj.58.com/pinpaigongyu/31949098761415x.shtml?psid=106977897199106012209650356
【合租】管庄 瑞祥里 3室主卧,瑞祥里,2200,http://bj.58.com/pinpaigongyu/33141815522876x.shtml?psid=106977897199106012209650356
【整租】湾流国际青年社区 后沙峪 空港社区,后沙峪,2600-3600,http://bj.58.com/pinpaigongyu/32415380051764x.shtml?psid=106977897199106012209650356
【整租】CBD 北工大熊猫公寓 1室0厅,【整租】CBD,3280,http://bj.58.com/pinpaigongyu/33076148586695x.shtml?psid=106977897199106012209650356
【合租】左家庄 左家庄北里 3室次卧,左家庄北里,3150,http://bj.58.com/pinpaigongyu/31563446950705x.shtml?psid=106977897199106012209650356
【合租】华威桥 山水文园东园 3室主卧,山水文园东园,3000,http://bj.58.com/pinpaigongyu/33000436111288x.shtml?psid=106977897199106012209650356
【合租】崇文门 新景家园东区 3室次卧,新景家园东区,2200,http://bj.58.com/pinpaigongyu/32533585849140x.shtml?psid=106977897199106012209650356
【整租】花乡 乐乎城市青年社区 1室1厅,【整租】花乡,2500,http://bj.58.com/pinpaigongyu/33054690692556x.shtml?psid=151434106199106012265329594
【整租】高碑店 乐乎城市青年社区 1室1厅,【整租】高碑店,2550,http://bj.58.com/pinpaigongyu/32412351927120x.shtml?psid=151434106199106012265329594
【整租】甘露园 邦舍公寓 1室1厅,【整租】甘露园,3700,http://bj.58.com/pinpaigongyu/31714465552592x.shtml?psid=151434106199106012265329594
【整租】马家堡 嘉园乐乎城市社区 1室1厅,嘉园乐乎城市社区,3000,http://bj.58.com/pinpaigongyu/32964556087874x.shtml?psid=151434106199106012265329594
【整租】东坝 金隅景和园(朝新 1室1厅,金隅景和园(朝新,4000,http://bj.58.com/pinpaigongyu/31858956724176x.shtml?psid=151434106199106012265329594
【整租】姚家园 姚家园东里 1室1厅,姚家园东里,3900,http://bj.58.com/pinpaigongyu/31861462298296x.shtml?psid=151434106199106012265329594
【整租】百子湾 百子湾 1室1厅,百子湾,2400,http://bj.58.com/pinpaigongyu/32347931803329x.shtml?psid=151434106199106012265329594
【整租】芍药居 芍药居 城市青年 1室1厅,芍药居,3100,http://bj.58.com/pinpaigongyu/32348333283117x.shtml?psid=151434106199106012265329594
【整租】四惠 乐乎城市青年社区 1室1厅,【整租】四惠,2550,http://bj.58.com/pinpaigongyu/32592415404862x.shtml?psid=151434106199106012265329594
【整租】百子湾 乐乎城市青年社区 1室1厅,【整租】百子湾,2800,http://bj.58.com/pinpaigongyu/32820758962485x.shtml?psid=151434106199106012265329594
【合租】成寿寺 中海城紫鑫阁 3室主卧,中海城紫鑫阁,3000,http://bj.58.com/pinpaigongyu/33000415148724x.shtml?psid=151434106199106012265329594
【整租】窝趣 机场 北京机场轻社区,机场,2350-3500,http://bj.58.com/pinpaigongyu/31634856339375x.shtml?psid=151434106199106012265329594
【整租】魔方公寓 鲁谷 鲁谷东街店,鲁谷,4000-5000,http://bj.58.com/pinpaigongyu/32955238664618x.shtml?psid=151434106199106012265329594
【整租】劲松 劲松四区 1室1厅,劲松四区,3699,http://bj.58.com/pinpaigongyu/32071978796201x.shtml?psid=151434106199106012265329594
【整租】马连道 三义里 1室0厅,三义里,3000,http://bj.58.com/pinpaigongyu/31506882049214x.shtml?psid=151434106199106012265329594
【整租】乐乎城市青年社区 垡头 乐乎五方桥店,垡头,2540-2850,http://bj.58.com/pinpaigongyu/31420092255659x.shtml?psid=151434106199106012265329594
【合租】亦庄 鹿鸣苑 5室次卧,鹿鸣苑,3500,http://bj.58.com/pinpaigongyu/31988853329980x.shtml?psid=151434106199106012265329594
【整租】劲松 北工大熊猫公寓 1室0厅,【整租】劲松,3280,http://bj.58.com/pinpaigongyu/33076351099458x.shtml?psid=151434106199106012265329594
【合租】天通苑 天通中苑 4室主卧,天通中苑,2790,http://bj.58.com/pinpaigongyu/33057030008620x.shtml?psid=151434106199106012265329594
【合租】清河 永泰庄 3室次卧,永泰庄,2100,http://bj.58.com/pinpaigongyu/31571555862984x.shtml?psid=151434106199106012265329594
【整租】立水桥 乐乎城市青年社区 1室1厅,【整租】立水桥,3100,http://bj.58.com/pinpaigongyu/32348507124526x.shtml?psid=191556815199106012312717779
【整租】定福庄 乐乎城市青年社区 1室1厅,【整租】定福庄,2550,http://bj.58.com/pinpaigongyu/32403472486223x.shtml?psid=191556815199106012312717779
【整租】芍药居 芍药居城市青年社 1室1厅,芍药居城市青年社,3100,http://bj.58.com/pinpaigongyu/32348541794496x.shtml?psid=191556815199106012312717779
【整租】花乡 乐乎城市青年社区 1室1厅,【整租】花乡,2500,http://bj.58.com/pinpaigongyu/32412801703231x.shtml?psid=191556815199106012312717779
【整租】立水桥 乐乎城市青年社区 1室1厅,【整租】立水桥,3100,http://bj.58.com/pinpaigongyu/32347980837681x.shtml?psid=191556815199106012312717779
【整租】十里河 十里河乐乎城市青 1室1厅,十里河乐乎城市青,3300,http://bj.58.com/pinpaigongyu/32798691169205x.shtml?psid=191556815199106012312717779
【整租】芍药居 芍药居城市青年社 1室1厅,芍药居城市青年社,3100,http://bj.58.com/pinpaigongyu/32348170273583x.shtml?psid=191556815199106012312717779
【整租】双桥 双桥青年社区 1室1厅,【整租】双桥,2550,http://bj.58.com/pinpaigongyu/32348138557518x.shtml?psid=191556815199106012312717779
【整租】芍药居 芍药居北里 1室1厅,芍药居北里,3100,http://bj.58.com/pinpaigongyu/32347944920627x.shtml?psid=191556815199106012312717779
【整租】欢乐谷 五方桥城市青年社 1室1厅,五方桥城市青年社,2400,http://bj.58.com/pinpaigongyu/32334652964145x.shtml?psid=191556815199106012312717779
【合租】宋家庄 鑫兆雅园(南区) 3室次卧,鑫兆雅园(南区),3200,http://bj.58.com/pinpaigongyu/32976138213963x.shtml?psid=191556815199106012312717779
【整租】贝客公寓 立水桥 立水桥,立水桥,3600-3950,http://bj.58.com/pinpaigongyu/30920238856489x.shtml?psid=191556815199106012312717779
【整租】魔方公寓 鲁谷 鲁谷东街店,鲁谷,4000-6000,http://bj.58.com/pinpaigongyu/32955237238598x.shtml?psid=191556815199106012312717779
【整租】双桥 东星时尚广场 1室1厅,东星时尚广场,2759,http://bj.58.com/pinpaigongyu/31573170381106x.shtml?psid=191556815199106012312717779
【整租】马连道 欧园北欧印象 1室0厅,欧园北欧印象,2800,http://bj.58.com/pinpaigongyu/31495817416257x.shtml?psid=191556815199106012312717779
【整租】弘科物业 管庄 海纳空间,管庄,3500,http://bj.58.com/pinpaigongyu/32525958413646x.shtml?psid=191556815199106012312717779
【合租】亦庄 南海家园一里 2室次卧,南海家园一里,2200,http://bj.58.com/pinpaigongyu/31988887347534x.shtml?psid=191556815199106012312717779
【整租】双井 北工大熊猫公寓 1室0厅,【整租】双井,3280,http://bj.58.com/pinpaigongyu/33076182547533x.shtml?psid=191556815199106012312717779
【合租】左家庄 左家庄北里 3室主卧,左家庄北里,2600,http://bj.58.com/pinpaigongyu/31685599692085x.shtml?psid=191556815199106012312717779
【合租】酒仙桥 梵谷水郡 3室次卧,梵谷水郡,2650,http://bj.58.com/pinpaigongyu/33077377403716x.shtml?psid=191556815199106012312717779
【整租】花乡 乐乎城市青年社区 1室1厅,【整租】花乡,2500,http://bj.58.com/pinpaigongyu/32426148725293x.shtml?psid=140925707199106012365443535
【整租】常营 乐乎城市青年社区 1室1厅,【整租】常营,2450,http://bj.58.com/pinpaigongyu/32790750078650x.shtml?psid=140925707199106012365443535
【整租】豆各庄 豆各庄乐乎城市社 1室1厅,豆各庄乐乎城市社,2300,http://bj.58.com/pinpaigongyu/32964625729201x.shtml?psid=140925707199106012365443535
【整租】花乡 乐乎城市青年社区 1室1厅,【整租】花乡,2500,http://bj.58.com/pinpaigongyu/33086619637801x.shtml?psid=140925707199106012365443535
【整租】双桥 乐乎城市青年社区 1室1厅,【整租】双桥,2550,http://bj.58.com/pinpaigongyu/32346133234985x.shtml?psid=140925707199106012365443535
【整租】花乡 乐乎城市青年社区 1室1厅,【整租】花乡,2500,http://bj.58.com/pinpaigongyu/32426088564017x.shtml?psid=140925707199106012365443535
【整租】科技园区 乐乎城市青年社区 1室1厅,【整租】科技园区,2500,http://bj.58.com/pinpaigongyu/33064066362573x.shtml?psid=140925707199106012365443535
【整租】芍药居 芍药居城市青年社 1室1厅,芍药居城市青年社,3400,http://bj.58.com/pinpaigongyu/32348592781993x.shtml?psid=140925707199106012365443535
【整租】欢乐谷 青年社区 1室1厅,【整租】欢乐谷,2450,http://bj.58.com/pinpaigongyu/32336704580159x.shtml?psid=140925707199106012365443535
【整租】双桥 乐乎城市青年社区 1室1厅,【整租】双桥,2550,http://bj.58.com/pinpaigongyu/32392941716029x.shtml?psid=140925707199106012365443535
【合租】劲松 建工家园 3室主卧,建工家园,3000,http://bj.58.com/pinpaigongyu/32955097983809x.shtml?psid=140925707199106012365443535
【整租】魔方公寓 梨园 通州梨园店,梨园,2868-3209,http://bj.58.com/pinpaigongyu/32954321396048x.shtml?psid=140925707199106012365443535
【整租】劲松 劲松四区 1室1厅,劲松四区,3699,http://bj.58.com/pinpaigongyu/31959102220615x.shtml?psid=140925707199106012365443535
【整租】马连道 欧园北欧印象 1室0厅,欧园北欧印象,2800,http://bj.58.com/pinpaigongyu/31427265445682x.shtml?psid=140925707199106012365443535
【整租】沙河 宝铂公寓保利 2室1厅,【整租】沙河,4000,http://bj.58.com/pinpaigongyu/33102439282229x.shtml?psid=140925707199106012365443535
【整租】乐乎社区 垡头 五方桥,垡头,2300-2700,http://bj.58.com/pinpaigongyu/32964384304574x.shtml?psid=140925707199106012365443535
【整租】潘家园 北工大熊猫公寓 1室0厅,【整租】潘家园,3280,http://bj.58.com/pinpaigongyu/33077512804911x.shtml?psid=140925707199106012365443535
【合租】北关 新建村 3室次卧,新建村,2230,http://bj.58.com/pinpaigongyu/31571215097798x.shtml?psid=140925707199106012365443535
【合租】姚家园 姚家园东里7号院 3室次卧,姚家园东里7号院,2520,http://bj.58.com/pinpaigongyu/33090356637876x.shtml?psid=140925707199106012365443535
【合租】双桥 康惠园二号院 3室主卧,康惠园二号院,2600,http://bj.58.com/pinpaigongyu/32943495641422x.shtml?psid=140925707199106012365443535
【整租】百子湾 乐乎城市青年社区 1室1厅,【整租】百子湾,2750,http://bj.58.com/pinpaigongyu/32602052908748x.shtml?psid=134894321199106012418072655
【整租】双桥 乐乎城市青年社区 1室1厅,【整租】双桥,2550,http://bj.58.com/pinpaigongyu/32536223069628x.shtml?psid=134894321199106012418072655
【整租】百子湾 乐乎城市青年社区 1室1厅,【整租】百子湾,2750,http://bj.58.com/pinpaigongyu/32594853436750x.shtml?psid=134894321199106012418072655
【整租】欢乐谷 五方桥城市青年社 1室1厅,五方桥城市青年社,2350,http://bj.58.com/pinpaigongyu/32336732183857x.shtml?psid=134894321199106012418072655
【整租】定福庄 传媒大学青年社区 1室1厅,【整租】定福庄,2550,http://bj.58.com/pinpaigongyu/32337986676160x.shtml?psid=134894321199106012418072655
【整租】十里河 十里河乐乎城市青 1室1厅,十里河乐乎城市青,3300,http://bj.58.com/pinpaigongyu/32347699510602x.shtml?psid=134894321199106012418072655
【整租】百子湾 乐乎城市青年社区 1室1厅,【整租】百子湾,2800,http://bj.58.com/pinpaigongyu/32654188714575x.shtml?psid=134894321199106012418072655
【整租】垡头 垡头乐乎城市社区 1室1厅,垡头乐乎城市社区,2300,http://bj.58.com/pinpaigongyu/32964600063790x.shtml?psid=134894321199106012418072655
【整租】垡头 五方桥青年社区 1室1厅,【整租】垡头,2400,http://bj.58.com/pinpaigongyu/32345900939455x.shtml?psid=134894321199106012418072655
【整租】立水桥 乐乎城市青年社区 1室1厅,【整租】立水桥,3100,http://bj.58.com/pinpaigongyu/32347958127544x.shtml?psid=134894321199106012418072655
【整租】劲松 劲松四区 1室1厅,劲松四区,3699,http://bj.58.com/pinpaigongyu/31950107525184x.shtml?psid=134894321199106012418072655
【整租】青遇home 果园 青遇东郎,果园,2300-3000,http://bj.58.com/pinpaigongyu/32857187741871x.shtml?psid=134894321199106012418072655
【整租】沙河 宝铂公寓恒大城 2室1厅,【整租】沙河,4000,http://bj.58.com/pinpaigongyu/33102386548933x.shtml?psid=134894321199106012418072655
【合租】鲁谷 玉泉西里二区 3室次卧,玉泉西里二区,2980,http://bj.58.com/pinpaigongyu/32895722831537x.shtml?psid=134894321199106012418072655
【整租】潘家园 北工大熊猫公寓 1室0厅,【整租】潘家园,3280,http://bj.58.com/pinpaigongyu/33076009185835x.shtml?psid=134894321199106012418072655
【整租】远江公寓 运河大街 运河大街店,运河大街,3480-3780,http://bj.58.com/pinpaigongyu/32665682669646x.shtml?psid=134894321199106012418072655
【整租】东四 东四二条小区 1室1厅,东四二条小区,4000,http://bj.58.com/pinpaigongyu/32127062062665x.shtml?psid=134894321199106012418072655
【合租】霍营 龙锦苑东五区 3室主卧,龙锦苑东五区,2800,http://bj.58.com/pinpaigongyu/33000683403564x.shtml?psid=134894321199106012418072655
【合租】广渠门 东方财富 3室次卧,东方财富,2100,http://bj.58.com/pinpaigongyu/32349065143373x.shtml?psid=134894321199106012418072655
【整租】来广营 马泉营三区 1室1厅,马泉营三区,2700,http://bj.58.com/pinpaigongyu/31573160440510x.shtml?psid=134894321199106012418072655
【整租】双桥 传媒大学青年社区 1室1厅,【整租】双桥,2550,http://bj.58.com/pinpaigongyu/32337739540538x.shtml?psid=101296887199106012458494092
【整租】双桥 乐乎城市青年社区 1室1厅,【整租】双桥,2550,http://bj.58.com/pinpaigongyu/32778369330731x.shtml?psid=101296887199106012458494092
【整租】百子湾 乐乎城市青年社区 1室1厅,【整租】百子湾,2750,http://bj.58.com/pinpaigongyu/32591551110711x.shtml?psid=101296887199106012458494092
【整租】角门 公益西桥青年社区 1室1厅,【整租】角门,3300,http://bj.58.com/pinpaigongyu/32798692773456x.shtml?psid=101296887199106012458494092
【整租】双桥 乐乎城市青年社区 1室1厅,【整租】双桥,2550,http://bj.58.com/pinpaigongyu/32393540333867x.shtml?psid=101296887199106012458494092
【整租】朝阳周边 马房寺 1室1厅,马房寺,2400,http://bj.58.com/pinpaigongyu/32798683402925x.shtml?psid=101296887199106012458494092
【整租】玉泉营 乐乎城市青年社区 1室1厅,【整租】玉泉营,2500,http://bj.58.com/pinpaigongyu/33054785232314x.shtml?psid=101296887199106012458494092
【整租】石佛营 炫特区 1室1厅,炫特区,4000,http://bj.58.com/pinpaigongyu/31859249137962x.shtml?psid=101296887199106012458494092
【整租】角门 乐乎城市青年社区 1室1厅,【整租】角门,3300,http://bj.58.com/pinpaigongyu/32789645731891x.shtml?psid=101296887199106012458494092
【整租】花乡 乐乎城市青年社区 1室1厅,【整租】花乡,2500,http://bj.58.com/pinpaigongyu/33054757630270x.shtml?psid=101296887199106012458494092
【整租】沙河 宝铂公寓恒大城 2室1厅,【整租】沙河,4000,http://bj.58.com/pinpaigongyu/33102376435142x.shtml?psid=101296887199106012458494092
【整租】乐乎公寓 四惠 传媒大学店,四惠,2550-3000,http://bj.58.com/pinpaigongyu/32456882278477x.shtml?psid=101296887199106012458494092
【合租】大红门 二里 3室次卧,二里,2250,http://bj.58.com/pinpaigongyu/33102337329195x.shtml?psid=101296887199106012458494092
【合租】清河 永泰庄 4室次卧,永泰庄,2500,http://bj.58.com/pinpaigongyu/31530219107006x.shtml?psid=101296887199106012458494092
【整租】潘家园 北工大熊猫公寓 1室0厅,【整租】潘家园,3280,http://bj.58.com/pinpaigongyu/33068832741938x.shtml?psid=101296887199106012458494092
【整租】湾流国际青年社区 石门 首都机场社区,石门,2800-3300,http://bj.58.com/pinpaigongyu/31541694747948x.shtml?psid=101296887199106012458494092
【合租】崇文门 新景家园东区 3室次卧,新景家园东区,2500,http://bj.58.com/pinpaigongyu/32986983442740x.shtml?psid=101296887199106012458494092
【整租】马连道 第三区 1室0厅,第三区,2800,http://bj.58.com/pinpaigongyu/31407525975348x.shtml?psid=101296887199106012458494092
【合租】孙河 康营家园13期 3室主卧,康营家园13期,2200,http://bj.58.com/pinpaigongyu/32736945029584x.shtml?psid=101296887199106012458494092
【整租】沙河 巩华城大街74号 2室1厅,巩华城大街74号,3200,http://bj.58.com/pinpaigongyu/31695591468619x.shtml?psid=101296887199106012458494092
【整租】欢乐谷 乐乎城市青年社区 1室1厅,【整租】欢乐谷,2300,http://bj.58.com/pinpaigongyu/32479092926158x.shtml?psid=150056705199106012534078351
【整租】百子湾 乐乎城市青年社区 1室1厅,【整租】百子湾,2750,http://bj.58.com/pinpaigongyu/32610008365874x.shtml?psid=150056705199106012534078351
【整租】十里河 美联居城市青年社 1室1厅,美联居城市青年社,3600,http://bj.58.com/pinpaigongyu/32348708520764x.shtml?psid=150056705199106012534078351
【整租】四惠 乐乎城市青年社区 1室1厅,【整租】四惠,2550,http://bj.58.com/pinpaigongyu/32946096379196x.shtml?psid=150056705199106012534078351
【整租】立水桥 乐乎城市青年社区 1室1厅,【整租】立水桥,3100,http://bj.58.com/pinpaigongyu/32347970312629x.shtml?psid=150056705199106012534078351
【整租】高碑店 乐乎城市青年社区 1室1厅,【整租】高碑店,2500,http://bj.58.com/pinpaigongyu/32403790339392x.shtml?psid=150056705199106012534078351
【整租】双桥 传媒大学青年社区 1室1厅,【整租】双桥,2550,http://bj.58.com/pinpaigongyu/32347700286635x.shtml?psid=150056705199106012534078351
【整租】双桥 传媒大学青年社区 1室1厅,【整租】双桥,2550,http://bj.58.com/pinpaigongyu/32337804715468x.shtml?psid=150056705199106012534078351
【整租】百子湾 乐乎城市青年社区 1室1厅,【整租】百子湾,2750,http://bj.58.com/pinpaigongyu/32688087065142x.shtml?psid=150056705199106012534078351
【整租】欢乐谷 乐乎城市青年社区 1室1厅,【整租】欢乐谷,2450,http://bj.58.com/pinpaigongyu/32336742172866x.shtml?psid=150056705199106012534078351
【合租】常营 常营民族家园 4室主卧,常营民族家园,3000,http://bj.58.com/pinpaigongyu/32956271734593x.shtml?psid=150056705199106012534078351
【整租】窝趣 高碑店 窝趣北京高碑店,高碑店,2200-2500,http://bj.58.com/pinpaigongyu/31497423897407x.shtml?psid=150056705199106012534078351
【整租】劲松 北工大熊猫公寓 1室0厅,【整租】劲松,3280,http://bj.58.com/pinpaigongyu/33065002934185x.shtml?psid=150056705199106012534078351
【整租】丽泽桥 丽泽雅园 1室1厅,丽泽雅园,3000,http://bj.58.com/pinpaigongyu/31725812070584x.shtml?psid=150056705199106012534078351
【整租】沙河 保利罗兰香谷 2室1厅,保利罗兰香谷,4000,http://bj.58.com/pinpaigongyu/33077142868798x.shtml?psid=150056705199106012534078351
【整租】乐乎城市青年社区 花乡 乐乎花乡桥店,花乡,2500-2800,http://bj.58.com/pinpaigongyu/31377003481294x.shtml?psid=150056705199106012534078351
【合租】物资学院路 新建村 3室次卧,新建村,2150,http://bj.58.com/pinpaigongyu/33079990321991x.shtml?psid=150056705199106012534078351
【合租】回龙观 回龙观新村中区 3室次卧,回龙观新村中区,2100,http://bj.58.com/pinpaigongyu/32635130290223x.shtml?psid=150056705199106012534078351
【合租】北苑 恒大名都 3室主卧,恒大名都,2700,http://bj.58.com/pinpaigongyu/32955851582148x.shtml?psid=150056705199106012534078351
【合租】崇文门 国瑞城中区 3室主卧,国瑞城中区,2800,http://bj.58.com/pinpaigongyu/32036457989318x.shtml?psid=150056705199106012534078351
【整租】双桥 乐乎城市青年社区 1室1厅,【整租】双桥,2580,http://bj.58.com/pinpaigongyu/32469165218484x.shtml?psid=102898072199106012579132116
【整租】四惠 乐乎城市青年社区 1室1厅,【整租】四惠,2500,http://bj.58.com/pinpaigongyu/32423823239376x.shtml?psid=102898072199106012579132116
【整租】花乡 乐乎城市青年社区 1室1厅,【整租】花乡,2500,http://bj.58.com/pinpaigongyu/33054771292726x.shtml?psid=102898072199106012579132116
【整租】石佛营 邦舍公寓 1室1厅,【整租】石佛营,3700,http://bj.58.com/pinpaigongyu/31714216227906x.shtml?psid=102898072199106012579132116
【整租】花乡 乐乎城市青年社区 1室1厅,【整租】花乡,2700,http://bj.58.com/pinpaigongyu/32577612000050x.shtml?psid=102898072199106012579132116
【整租】双桥 乐乎城市青年社区 1室1厅,【整租】双桥,2550,http://bj.58.com/pinpaigongyu/32536336154695x.shtml?psid=102898072199106012579132116
【整租】欢乐谷 五方桥青年社区 1室1厅,【整租】欢乐谷,2450,http://bj.58.com/pinpaigongyu/32336691891912x.shtml?psid=102898072199106012579132116
【整租】四惠 乐乎城市青年社区 1室1厅,【整租】四惠,2550,http://bj.58.com/pinpaigongyu/32423881644466x.shtml?psid=102898072199106012579132116
【整租】双桥 传媒大学乐乎城市 1室1厅,传媒大学乐乎城市,2550,http://bj.58.com/pinpaigongyu/32337790458805x.shtml?psid=102898072199106012579132116
【整租】常营 乐乎城市青年社区 1室1厅,【整租】常营,2450,http://bj.58.com/pinpaigongyu/32790805078974x.shtml?psid=102898072199106012579132116
【整租】沙河 兆丰家园西区 1室1厅,兆丰家园西区,3000,http://bj.58.com/pinpaigongyu/33077193558475x.shtml?psid=102898072199106012579132116
【整租】魔方公寓 梨园 通州梨园店,梨园,2880-3200,http://bj.58.com/pinpaigongyu/32954382518857x.shtml?psid=102898072199106012579132116
【合租】上地 上林溪 3室次卧,上林溪,2420,http://bj.58.com/pinpaigongyu/33076686222913x.shtml?psid=102898072199106012579132116
【合租】清河 永泰园中区 3室次卧,永泰园中区,2100,http://bj.58.com/pinpaigongyu/32115519400761x.shtml?psid=102898072199106012579132116
【合租】朝青板块 汇成家园 3室主卧,汇成家园,3500,http://bj.58.com/pinpaigongyu/33003976831693x.shtml?psid=102898072199106012579132116
【整租】青遇home 果园 青遇东郎,果园,2700-3000,http://bj.58.com/pinpaigongyu/32736100652874x.shtml?psid=102898072199106012579132116
【整租】广安门外 远见名苑(一期) 1室1厅,远见名苑(一期),3000,http://bj.58.com/pinpaigongyu/31725794679854x.shtml?psid=102898072199106012579132116
【合租】来广营 康营家园14期 3室主卧,康营家园14期,2200,http://bj.58.com/pinpaigongyu/32737052412329x.shtml?psid=102898072199106012579132116
【合租】立水桥 明天第一城 3室主卧,明天第一城,2850,http://bj.58.com/pinpaigongyu/33078914533062x.shtml?psid=102898072199106012579132116
【合租】黄村 兴华园 2室主卧,兴华园,2180,http://bj.58.com/pinpaigongyu/32453245717703x.shtml?psid=102898072199106012579132116
【整租】定福庄 乐乎城市青年社区 1室1厅,【整租】定福庄,2550,http://bj.58.com/pinpaigongyu/32393521648833x.shtml?psid=114885704199106012653425919
【整租】双桥 乐乎城市青年社区 1室1厅,【整租】双桥,2550,http://bj.58.com/pinpaigongyu/32798694834250x.shtml?psid=114885704199106012653425919
【整租】垡头 乐乎城市青年社区 1室1厅,【整租】垡头,2350,http://bj.58.com/pinpaigongyu/32336697993671x.shtml?psid=114885704199106012653425919
【整租】角门 公益西桥青年社区 1室1厅,【整租】角门,3300,http://bj.58.com/pinpaigongyu/32347631705652x.shtml?psid=114885704199106012653425919
【整租】花乡 乐乎城市青年社区 1室1厅,【整租】花乡,2500,http://bj.58.com/pinpaigongyu/32820868993975x.shtml?psid=114885704199106012653425919
【整租】双桥 乐乎城市青年社区 1室1厅,【整租】双桥,2550,http://bj.58.com/pinpaigongyu/32423191837374x.shtml?psid=114885704199106012653425919
【整租】定福庄 定福庄青年社区 1室1厅,【整租】定福庄,2550,http://bj.58.com/pinpaigongyu/32347756829759x.shtml?psid=114885704199106012653425919
【整租】朝青板块 邦舍公寓 1室1厅,【整租】朝青板块,3700,http://bj.58.com/pinpaigongyu/31563633628723x.shtml?psid=114885704199106012653425919
【整租】百子湾 乐乎城市青年社区 1室1厅,【整租】百子湾,2800,http://bj.58.com/pinpaigongyu/32799178769710x.shtml?psid=114885704199106012653425919
【整租】角门 公益西桥乐乎城市 1室1厅,公益西桥乐乎城市,3300,http://bj.58.com/pinpaigongyu/32347652469418x.shtml?psid=114885704199106012653425919
【整租】丽泽桥 丽泽雅园 1室1厅,丽泽雅园,3000,http://bj.58.com/pinpaigongyu/31725926560325x.shtml?psid=114885704199106012653425919
【整租】乐乎社区 十里河 乐乎社区美联居,十里河,3500-4200,http://bj.58.com/pinpaigongyu/32857224888375x.shtml?psid=114885704199106012653425919
【合租】刘家窑 正邦嘉园 3室主卧,正邦嘉园,2790,http://bj.58.com/pinpaigongyu/33099497003820x.shtml?psid=114885704199106012653425919
【合租】黄村 兴华园 2室主卧,兴华园,2070,http://bj.58.com/pinpaigongyu/32442199371977x.shtml?psid=114885704199106012653425919
【合租】回龙观 霍营小区 3室主卧,霍营小区,2000,http://bj.58.com/pinpaigongyu/31520442801451x.shtml?psid=114885704199106012653425919
【整租】远江公寓 运河大街 运河大街店,运河大街,2680-3380,http://bj.58.com/pinpaigongyu/32378172541615x.shtml?psid=114885704199106012653425919
【合租】广渠门 北京上舍 3室次卧,北京上舍,2200,http://bj.58.com/pinpaigongyu/32402708484545x.shtml?psid=114885704199106012653425919
【整租】丽泽桥 丽泽雅园 1室0厅,丽泽雅园,3000,http://bj.58.com/pinpaigongyu/31725849004866x.shtml?psid=114885704199106012653425919
【整租】沙河 恒大城7号院 2室1厅,恒大城7号院,4000,http://bj.58.com/pinpaigongyu/33077169670315x.shtml?psid=114885704199106012653425919
【合租】回龙观 龙腾苑二区 3室主卧,龙腾苑二区,2800,http://bj.58.com/pinpaigongyu/33087822204866x.shtml?psid=114885704199106012653425919
【整租】玉泉营 乐乎城市青年社区 1室1厅,【整租】玉泉营,2500,http://bj.58.com/pinpaigongyu/32865899438521x.shtml?psid=113983126199106012685397299
【整租】十里河 乐乎城市青年社区 1室1厅,【整租】十里河,3300,http://bj.58.com/pinpaigongyu/32577545950525x.shtml?psid=113983126199106012685397299
【整租】百子湾 乐乎城市青年社区 1室1厅,【整租】百子湾,2750,http://bj.58.com/pinpaigongyu/32594880974763x.shtml?psid=113983126199106012685397299
【整租】角门 角门西乐乎城市社 1室1厅,角门西乐乎城市社,3200,http://bj.58.com/pinpaigongyu/32964405394896x.shtml?psid=113983126199106012685397299
【整租】十里河 十里河乐乎城市青 1室1厅,十里河乐乎城市青,3300,http://bj.58.com/pinpaigongyu/32347795174855x.shtml?psid=113983126199106012685397299
【整租】角门 乐乎城市青年社区 1室1厅,【整租】角门,3300,http://bj.58.com/pinpaigongyu/32789439828286x.shtml?psid=113983126199106012685397299
【整租】定福庄 传媒大学乐乎城市 1室1厅,传媒大学乐乎城市,2550,http://bj.58.com/pinpaigongyu/32337679999424x.shtml?psid=113983126199106012685397299
【合租】科技园区 乐乎城市青年社区 2室主卧,【合租】科技园区,2200,http://bj.58.com/pinpaigongyu/32732923066693x.shtml?psid=113983126199106012685397299
【整租】百子湾 乐乎城市青年社区 1室1厅,【整租】百子湾,2750,http://bj.58.com/pinpaigongyu/32654079788879x.shtml?psid=113983126199106012685397299
【整租】百子湾 乐乎城市青年社区 1室1厅,【整租】百子湾,2500,http://bj.58.com/pinpaigongyu/32799010872124x.shtml?psid=113983126199106012685397299
【整租】太平桥 首科花园 1室0厅,首科花园,3000,http://bj.58.com/pinpaigongyu/31495814891585x.shtml?psid=113983126199106012685397299
【整租】乐乎公寓 四惠 传媒大学店,四惠,2500-2900,http://bj.58.com/pinpaigongyu/32415427957066x.shtml?psid=113983126199106012685397299
【合租】劲松 华腾园 4室次卧,华腾园,2740,http://bj.58.com/pinpaigongyu/33075767653691x.shtml?psid=113983126199106012685397299
【合租】亦庄 南海家园一里 2室次卧,南海家园一里,2200,http://bj.58.com/pinpaigongyu/31845053039531x.shtml?psid=113983126199106012685397299
【合租】中央别墅区 满庭芳嘉园 3室次卧,满庭芳嘉园,2000,http://bj.58.com/pinpaigongyu/32049451380928x.shtml?psid=113983126199106012685397299
【整租】窝趣 高碑店 窝趣北京高碑店,高碑店,2600-2700,http://bj.58.com/pinpaigongyu/31497418367676x.shtml?psid=113983126199106012685397299
【整租】沙河 宝铂公寓恒大 2室1厅,【整租】沙河,4000,http://bj.58.com/pinpaigongyu/33046842638797x.shtml?psid=113983126199106012685397299
【整租】马连道 红莲北里 1室1厅,红莲北里,2800,http://bj.58.com/pinpaigongyu/31673572799049x.shtml?psid=113983126199106012685397299
【合租】四惠 通惠家园惠生园 6室主卧,通惠家园惠生园,2700,http://bj.58.com/pinpaigongyu/33100340268873x.shtml?psid=113983126199106012685397299
【整租】昌平县城 南环里甲3号 1室1厅,南环里甲3号,2400,http://bj.58.com/pinpaigongyu/32010857928773x.shtml?psid=113983126199106012685397299
【整租】百子湾 百子湾乐乎城市社 1室1厅,百子湾乐乎城市社,2300,http://bj.58.com/pinpaigongyu/32979815686987x.shtml?psid=150899798199106012730103457
【整租】四惠 乐乎城市青年社区 1室1厅,【整租】四惠,2550,http://bj.58.com/pinpaigongyu/32592365151917x.shtml?psid=150899798199106012730103457
【整租】科技园区 乐乎城市青年社区 1室1厅,【整租】科技园区,2200,http://bj.58.com/pinpaigongyu/32732937377836x.shtml?psid=150899798199106012730103457
【整租】百子湾 乐乎城市青年社区 1室1厅,【整租】百子湾,2750,http://bj.58.com/pinpaigongyu/32602088043073x.shtml?psid=150899798199106012730103457
【整租】四惠 乐乎城市青年社区 1室1厅,【整租】四惠,2550,http://bj.58.com/pinpaigongyu/32592391699633x.shtml?psid=150899798199106012730103457
【整租】花乡 乐乎公寓 1室1厅,【整租】花乡,2500,http://bj.58.com/pinpaigongyu/33059400215609x.shtml?psid=150899798199106012730103457
【整租】双桥 乐乎城市青年社区 1室1厅,【整租】双桥,2550,http://bj.58.com/pinpaigongyu/32337830036659x.shtml?psid=150899798199106012730103457
【整租】立水桥 乐乎城市青年社区 1室1厅,【整租】立水桥,3100,http://bj.58.com/pinpaigongyu/32347936650425x.shtml?psid=150899798199106012730103457
【整租】花乡 乐乎城市青年社区 1室1厅,【整租】花乡,2600,http://bj.58.com/pinpaigongyu/32577595583662x.shtml?psid=150899798199106012730103457
【整租】嘉园 公益西桥城市青年 1室1厅,公益西桥城市青年,3300,http://bj.58.com/pinpaigongyu/32347841907136x.shtml?psid=150899798199106012730103457
【合租】回龙观 融泽嘉园2号院 4室主卧,融泽嘉园2号院,2120,http://bj.58.com/pinpaigongyu/33088513398585x.shtml?psid=150899798199106012730103457
【整租】湾流国际青年社区 总部基地 总部花园店,总部基地,4000-6600,http://bj.58.com/pinpaigongyu/31497308041395x.shtml?psid=150899798199106012730103457
【整租】西三旗 北辰机械厂职工宿 1室1厅,北辰机械厂职工宿,3100,http://bj.58.com/pinpaigongyu/32202458802479x.shtml?psid=150899798199106012730103457
【合租】方庄 方庄南路18号院 3室主卧,方庄南路18号院,2500,http://bj.58.com/pinpaigongyu/32987075292866x.shtml?psid=150899798199106012730103457
【整租】太平桥 丽泽雅园 1室1厅,丽泽雅园,2800,http://bj.58.com/pinpaigongyu/31673441131214x.shtml?psid=150899798199106012730103457
【整租】魔方公寓 定福庄 褡裢坡店,定福庄,3500-4200,http://bj.58.com/pinpaigongyu/33057045764171x.shtml?psid=150899798199106012730103457
【合租】四惠 通惠家园惠生园 5室主卧,通惠家园惠生园,2560,http://bj.58.com/pinpaigongyu/33089512165584x.shtml?psid=150899798199106012730103457
【合租】黄村 兴华园 2室次卧,兴华园,2070,http://bj.58.com/pinpaigongyu/32442201324847x.shtml?psid=150899798199106012730103457
【合租】清河 强佑清河新城 3室主卧,强佑清河新城,2600,http://bj.58.com/pinpaigongyu/31520456105260x.shtml?psid=150899798199106012730103457
【合租】CBD 阳光100国际公 3室主卧,阳光100国际公,3200,http://bj.58.com/pinpaigongyu/32955986027333x.shtml?psid=150899798199106012730103457
【整租】东坝 邦舍公寓 1室1厅,【整租】东坝,3800,http://bj.58.com/pinpaigongyu/31859244222253x.shtml?psid=197825512199106012775747671
【整租】双桥 乐乎城市青年社区 1室1厅,【整租】双桥,2550,http://bj.58.com/pinpaigongyu/32946118555206x.shtml?psid=197825512199106012775747671
【整租】欢乐谷 五方桥青年社区 1室1厅,【整租】欢乐谷,2450,http://bj.58.com/pinpaigongyu/32336717090113x.shtml?psid=197825512199106012775747671
【合租】安贞 安贞西里二区 3室次卧,安贞西里二区,3400,http://bj.58.com/pinpaigongyu/32117307188530x.shtml?psid=197825512199106012775747671
【整租】青遇home 果园 青遇东郎,果园,2700-3000,http://bj.58.com/pinpaigongyu/33052987322304x.shtml?psid=197825512199106012775747671
【整租】马连道 茗筑大厦 1室1厅,茗筑大厦,2800,http://bj.58.com/pinpaigongyu/31684453996211x.shtml?psid=197825512199106012775747671
【合租】孙河 康营家园14期 3室主卧,康营家园14期,3080,http://bj.58.com/pinpaigongyu/32791730384050x.shtml?psid=197825512199106012775747671
【合租】百子湾 百子湾家园 3室主卧,百子湾家园,2980,http://bj.58.com/pinpaigongyu/33088974130738x.shtml?psid=197825512199106012775747671
【整租】乐乎社区 科技园区 乐乎大葆台店,科技园区,3500-3600,http://bj.58.com/pinpaigongyu/32444528027594x.shtml?psid=197825512199106012775747671
【合租】安贞 安贞西里一区 3室主卧,安贞西里一区,2900,http://bj.58.com/pinpaigongyu/32114906220465x.shtml?psid=197825512199106012775747671
【合租】双桥 康惠园五号院 3室主卧,康惠园五号院,2000,http://bj.58.com/pinpaigongyu/33000866970174x.shtml?psid=197825512199106012775747671
【整租】马连道 红莲北里 1室0厅,红莲北里,2800,http://bj.58.com/pinpaigongyu/31716573803833x.shtml?psid=197825512199106012775747671
【合租】孙河 康营家园17期 3室次卧,康营家园17期,2080,http://bj.58.com/pinpaigongyu/31948951965753x.shtml?psid=197825512199106012775747671
【合租】惠新西街 惠新西街小区 4室次卧,惠新西街小区,2700,http://bj.58.com/pinpaigongyu/33080680807209x.shtml?psid=197825512199106012775747671
【合租】亦庄 听涛雅苑 4室次卧,听涛雅苑,2300,http://bj.58.com/pinpaigongyu/31966815557071x.shtml?psid=197825512199106012775747671
【合租】管庄 远洋一方润园西区 3室主卧,远洋一方润园西区,2080,http://bj.58.com/pinpaigongyu/32993315461056x.shtml?psid=197825512199106012775747671
【合租】清河 永泰庄路甲6号院 3室次卧,永泰庄路甲6号院,2350,http://bj.58.com/pinpaigongyu/31659583243307x.shtml?psid=197825512199106012775747671
【整租】六里桥 华源一里 1室1厅,华源一里,2800,http://bj.58.com/pinpaigongyu/31673459893838x.shtml?psid=197825512199106012775747671
【合租】孙河 康营家园17期 3室主卧,康营家园17期,2300,http://bj.58.com/pinpaigongyu/32964490405582x.shtml?psid=197825512199106012775747671
【合租】方庄 静馨嘉苑 4室次卧,静馨嘉苑,2240,http://bj.58.com/pinpaigongyu/33087748425406x.shtml?psid=197825512199106012775747671
【整租】马连道 第三区 1室0厅,第三区,2800,http://bj.58.com/pinpaigongyu/31682486828094x.shtml?psid=162289789199106012992199500
【整租】远江公寓 运河大街 运河大街店,运河大街,2680-2880,http://bj.58.com/pinpaigongyu/31497316608447x.shtml?psid=162289789199106012992199500
【合租】朝青板块 金隅汇星苑 3室次卧,金隅汇星苑,2250,http://bj.58.com/pinpaigongyu/33090971069111x.shtml?psid=162289789199106012992199500
【整租】长阳 合景领峰 1室1厅,合景领峰,3500,http://bj.58.com/pinpaigongyu/32995126160938x.shtml?psid=162289789199106012992199500
【合租】潘家园 潘家园东里 3室主卧,潘家园东里,3000,http://bj.58.com/pinpaigongyu/32987156606028x.shtml?psid=162289789199106012992199500
【整租】乐乎公寓 百子湾 南花园店,百子湾,2300-2800,http://bj.58.com/pinpaigongyu/32359594760372x.shtml?psid=162289789199106012992199500
【整租】马连道 第三区 1室0厅,第三区,2800,http://bj.58.com/pinpaigongyu/31692812061890x.shtml?psid=162289789199106012992199500
【合租】孙河 康营家园23期 3室次卧,康营家园23期,2280,http://bj.58.com/pinpaigongyu/32964391665322x.shtml?psid=162289789199106012992199500
【合租】大山子 酒仙桥路7号院 3室次卧,酒仙桥路7号院,2740,http://bj.58.com/pinpaigongyu/33077993123628x.shtml?psid=162289789199106012992199500
【合租】黄村 兴华园 2室次卧,兴华园,2180,http://bj.58.com/pinpaigongyu/32453243851330x.shtml?psid=162289789199106012992199500
【合租】回龙观 龙锦苑东三区 3室主卧,龙锦苑东三区,2890,http://bj.58.com/pinpaigongyu/32956416128710x.shtml?psid=162289789199106012992199500
【合租】清河 清缘里 3室主卧,清缘里,2500,http://bj.58.com/pinpaigongyu/32511588983977x.shtml?psid=162289789199106012992199500
【整租】马连道 太平里 1室0厅,太平里,2800,http://bj.58.com/pinpaigongyu/31681511019590x.shtml?psid=162289789199106012992199500
【合租】孙河 康营家园23期 3室主卧,康营家园23期,2480,http://bj.58.com/pinpaigongyu/32964378831663x.shtml?psid=162289789199106012992199500
【合租】黄村 中建国际港 4室次卧,中建国际港,3400,http://bj.58.com/pinpaigongyu/33077684765519x.shtml?psid=162289789199106012992199500
【合租】永定 泷悦长安嘉园 4室主卧,泷悦长安嘉园,2180,http://bj.58.com/pinpaigongyu/32928844046281x.shtml?psid=162289789199106012992199500
【合租】常营 苹果派 3室主卧,苹果派,2650,http://bj.58.com/pinpaigongyu/31683798736974x.shtml?psid=162289789199106012992199500
【合租】北关 新建村 3室主卧,新建村,2360,http://bj.58.com/pinpaigongyu/32147352984004x.shtml?psid=162289789199106012992199500
【整租】马连道 格调小区 1室0厅,格调小区,2900,http://bj.58.com/pinpaigongyu/31648499168425x.shtml?psid=162289789199106012992199500
【合租】孙河 康营家园15期 3室主卧,康营家园15期,2480,http://bj.58.com/pinpaigongyu/32964431097390x.shtml?psid=162289789199106012992199500
【合租】甘露园 朝阳无限 3室主卧,朝阳无限,2650,http://bj.58.com/pinpaigongyu/33101647450191x.shtml?psid=167703583199106013041118210
【整租】窝趣 高碑店 窝趣北京高碑店,高碑店,2000-2400,http://bj.58.com/pinpaigongyu/31497414037938x.shtml?psid=167703583199106013041118210
【合租】朝青板块 国美第一城2号院 3室主卧,国美第一城2号院,3220,http://bj.58.com/pinpaigongyu/31682283572425x.shtml?psid=167703583199106013041118210
【合租】物资学院路 新建村 3室主卧,新建村,2360,http://bj.58.com/pinpaigongyu/32691681351752x.shtml?psid=167703583199106013041118210
【整租】马连道 红莲北里 1室0厅,红莲北里,2800,http://bj.58.com/pinpaigongyu/31681847832526x.shtml?psid=167703583199106013041118210
【整租】湾流国际青年社区 科技园区 总部公馆店,科技园区,3700-5200,http://bj.58.com/pinpaigongyu/31453272983999x.shtml?psid=167703583199106013041118210
【合租】亚运村 安慧里四区 4室次卧,安慧里四区,2590,http://bj.58.com/pinpaigongyu/33086903415732x.shtml?psid=167703583199106013041118210
【合租】亦庄 泰河园七里 2室主卧,泰河园七里,2100,http://bj.58.com/pinpaigongyu/33039543475507x.shtml?psid=167703583199106013041118210
【合租】朝青板块 国美第一城2号院 3室主卧,国美第一城2号院,2760,http://bj.58.com/pinpaigongyu/31682236311488x.shtml?psid=167703583199106013041118210
【整租】西三旗 北辰机械厂职工宿 1室1厅,北辰机械厂职工宿,3000,http://bj.58.com/pinpaigongyu/32515303413163x.shtml?psid=167703583199106013041118210
【整租】马连道 茗筑大厦 1室1厅,茗筑大厦,2800,http://bj.58.com/pinpaigongyu/31681886269263x.shtml?psid=167703583199106013041118210
【合租】孙河 康营家园24期 3室主卧,康营家园24期,2480,http://bj.58.com/pinpaigongyu/31948924474433x.shtml?psid=167703583199106013041118210
【合租】回龙观 融泽嘉园2号院 3室主卧,融泽嘉园2号院,2530,http://bj.58.com/pinpaigongyu/33088283251786x.shtml?psid=167703583199106013041118210
【整租】旧宫 世界之花假日广场 1室1厅,世界之花假日广场,3400,http://bj.58.com/pinpaigongyu/32961949778474x.shtml?psid=167703583199106013041118210
【合租】朝青板块 雅成一里 3室主卧,雅成一里,3500,http://bj.58.com/pinpaigongyu/33003921655105x.shtml?psid=167703583199106013041118210
【合租】安贞 安贞西里三区 3室主卧,安贞西里三区,3100,http://bj.58.com/pinpaigongyu/32117245036083x.shtml?psid=167703583199106013041118210
【整租】六里桥 华源一里 1室0厅,华源一里,3000,http://bj.58.com/pinpaigongyu/31648502854058x.shtml?psid=167703583199106013041118210
【合租】孙河 康营家园14期 3室次卧,康营家园14期,2180,http://bj.58.com/pinpaigongyu/32709713266105x.shtml?psid=167703583199106013041118210
【合租】姚家园 姚家园西里3号院 3室主卧,姚家园西里3号院,2530,http://bj.58.com/pinpaigongyu/33078529473590x.shtml?psid=167703583199106013041118210
【整租】瀛海镇 悦景苑 2室1厅,悦景苑,3380,http://bj.58.com/pinpaigongyu/32055248670385x.shtml?psid=167703583199106013041118210
【合租】四惠 通惠家园惠民园 4室主卧,通惠家园惠民园,2600,http://bj.58.com/pinpaigongyu/33000541054536x.shtml?psid=135407548199106013083525971
【整租】魔方公寓 鲁谷 鲁谷东街店,鲁谷,4000-5000,http://bj.58.com/pinpaigongyu/32955238664618x.shtml?psid=135407548199106013083525971
【整租】六里桥 首科花园 1室1厅,首科花园,2800,http://bj.58.com/pinpaigongyu/31673426798508x.shtml?psid=135407548199106013083525971
【合租】回龙观 百嘉城 5室次卧,百嘉城,2120,http://bj.58.com/pinpaigongyu/33075612789964x.shtml?psid=135407548199106013083525971
【合租】黄村 兴华园 2室次卧,兴华园,2000,http://bj.58.com/pinpaigongyu/32453241961034x.shtml?psid=135407548199106013083525971
【整租】青遇home 果园 青遇东郎,果园,2300-2800,http://bj.58.com/pinpaigongyu/32898102921779x.shtml?psid=135407548199106013083525971
【整租】沙河 兆丰家园西区 1室1厅,兆丰家园西区,3000,http://bj.58.com/pinpaigongyu/32975406936905x.shtml?psid=135407548199106013083525971
【合租】中央别墅区 满庭芳嘉园 3室次卧,满庭芳嘉园,2200,http://bj.58.com/pinpaigongyu/32105505833899x.shtml?psid=135407548199106013083525971
【整租】马连道 格调小区 1室0厅,格调小区,2800,http://bj.58.com/pinpaigongyu/31604507321646x.shtml?psid=135407548199106013083525971
【合租】天通苑 天通苑北二区 3室主卧,天通苑北二区,2640,http://bj.58.com/pinpaigongyu/33086210733255x.shtml?psid=135407548199106013083525971
【整租】沙河 五福家园 1室1厅,五福家园,3200,http://bj.58.com/pinpaigongyu/32995321643309x.shtml?psid=135407548199106013083525971
【合租】朝青板块 雅成一里 4室主卧,雅成一里,2400,http://bj.58.com/pinpaigongyu/32967145409870x.shtml?psid=135407548199106013083525971
【整租】沙河 保利罗兰香谷 2室1厅,保利罗兰香谷,4000,http://bj.58.com/pinpaigongyu/32975294855471x.shtml?psid=135407548199106013083525971
【合租】中央别墅区 满庭芳嘉园 3室次卧,满庭芳嘉园,2080,http://bj.58.com/pinpaigongyu/32116558332734x.shtml?psid=135407548199106013083525971
【整租】马连道 红莲北里17号院 1室0厅,红莲北里17号院,3000,http://bj.58.com/pinpaigongyu/31740346333371x.shtml?psid=135407548199106013083525971
【合租】广安门外 京铁和园 3室次卧,京铁和园,2600,http://bj.58.com/pinpaigongyu/33076839577012x.shtml?psid=135407548199106013083525971
【合租】亦庄 泰河园七里 2室次卧,泰河园七里,2000,http://bj.58.com/pinpaigongyu/33028531196236x.shtml?psid=135407548199106013083525971
【合租】双井 双井东院 4室主卧,双井东院,3380,http://bj.58.com/pinpaigongyu/31141847331140x.shtml?psid=135407548199106013083525971
【合租】孙河 康营家园14期 2室主卧,康营家园14期,2200,http://bj.58.com/pinpaigongyu/32799432352078x.shtml?psid=135407548199106013083525971
【合租】后沙峪 双裕小区(双裕花 3室主卧,双裕小区(双裕花,2100,http://bj.58.com/pinpaigongyu/32115834468028x.shtml?psid=135407548199106013083525971
【整租】丽泽桥 丽泽雅园 1室1厅,丽泽雅园,2800,http://bj.58.com/pinpaigongyu/31681906447934x.shtml?psid=121707585199106013123235464
【整租】乐乎社区 总部基地 城乡总部基地店,总部基地,2200-2400,http://bj.58.com/pinpaigongyu/32282470732218x.shtml?psid=121707585199106013123235464
【整租】良乡 超级蜂巢 2室1厅,超级蜂巢,2700,http://bj.58.com/pinpaigongyu/32641248098627x.shtml?psid=121707585199106013123235464
【合租】清河 莱圳家园南区 3室主卧,莱圳家园南区,2400,http://bj.58.com/pinpaigongyu/33000702582345x.shtml?psid=121707585199106013123235464
【合租】西三旗 龙乡小区(中区) 4室次卧,龙乡小区(中区),2200,http://bj.58.com/pinpaigongyu/32049054271055x.shtml?psid=121707585199106013123235464
【整租】远江公寓 运河大街 运河大街店,运河大街,2780-2980,http://bj.58.com/pinpaigongyu/31497376909770x.shtml?psid=121707585199106013123235464
【合租】朝阳公园 枣营北里 5室主卧,枣营北里,3160,http://bj.58.com/pinpaigongyu/33101493150400x.shtml?psid=121707585199106013123235464
【合租】亦庄 南海家园三里 2室次卧,南海家园三里,2200,http://bj.58.com/pinpaigongyu/31988951895365x.shtml?psid=121707585199106013123235464
【合租】新华大街 玉带河西街8号院 3室次卧,玉带河西街8号院,2200,http://bj.58.com/pinpaigongyu/33000889854793x.shtml?psid=121707585199106013123235464
【合租】安贞 安贞西里三区 4室次卧,安贞西里三区,2300,http://bj.58.com/pinpaigongyu/32115744250820x.shtml?psid=121707585199106013123235464
【整租】马连道 格调小区 1室1厅,格调小区,2900,http://bj.58.com/pinpaigongyu/31673991587787x.shtml?psid=121707585199106013123235464
【整租】良乡 超级蜂巢 1室1厅,超级蜂巢,2600,http://bj.58.com/pinpaigongyu/32751824842698x.shtml?psid=121707585199106013123235464
【合租】望京 望京西园三区 3室主卧,望京西园三区,2800,http://bj.58.com/pinpaigongyu/33000449648078x.shtml?psid=121707585199106013123235464
【合租】管庄 荟康苑 4室次卧,荟康苑,2430,http://bj.58.com/pinpaigongyu/33066781141177x.shtml?psid=121707585199106013123235464
【合租】北关 新建村 3室主卧,新建村,2350,http://bj.58.com/pinpaigongyu/31520452538284x.shtml?psid=121707585199106013123235464
【整租】马连道 茗筑大厦 1室1厅,茗筑大厦,3500,http://bj.58.com/pinpaigongyu/31681925362345x.shtml?psid=121707585199106013123235464
【整租】北七家 羊各庄新村 2室1厅,羊各庄新村,3700,http://bj.58.com/pinpaigongyu/32729801165123x.shtml?psid=121707585199106013123235464
【合租】CBD 蓝堡国际公寓 3室主卧,【合租】CBD,3400,http://bj.58.com/pinpaigongyu/33000489591756x.shtml?psid=121707585199106013123235464
【合租】十里堡 京棉新城 3室主卧,京棉新城,2980,http://bj.58.com/pinpaigongyu/33066472165801x.shtml?psid=121707585199106013123235464
【合租】安贞 安贞西里二区 3室主卧,安贞西里二区,2550,http://bj.58.com/pinpaigongyu/32105132305611x.shtml?psid=121707585199106013123235464
【整租】马连道 格调小区 1室1厅,格调小区,2800,http://bj.58.com/pinpaigongyu/31681840274118x.shtml?psid=132704596199106013161846046
【整租】乐乎公寓 角门 公益西桥店,角门,3300-4000,http://bj.58.com/pinpaigongyu/32415466535614x.shtml?psid=132704596199106013161846046
【合租】亦庄 鹿海园三里 2室次卧,鹿海园三里,2100,http://bj.58.com/pinpaigongyu/32995303540933x.shtml?psid=132704596199106013161846046
【合租】其他 新建村小区 3室次卧,新建村小区,2280,http://bj.58.com/pinpaigongyu/33045668969936x.shtml?psid=132704596199106013161846046
【合租】左家庄 左家庄北里 3室主卧,左家庄北里,2750,http://bj.58.com/pinpaigongyu/32202672153411x.shtml?psid=132704596199106013161846046
【整租】窝趣 高碑店 窝趣北京高碑店,高碑店,2600-2900,http://bj.58.com/pinpaigongyu/31497421017151x.shtml?psid=132704596199106013161846046
【合租】朝青板块 华纺易城 3室主卧,华纺易城,3300,http://bj.58.com/pinpaigongyu/32956480344639x.shtml?psid=132704596199106013161846046
【合租】亦庄 燕景佳园 2室次卧,燕景佳园,2300,http://bj.58.com/pinpaigongyu/32939829411512x.shtml?psid=132704596199106013161846046
【合租】常营  3室次卧,3室次卧,2040,http://bj.58.com/pinpaigongyu/33055566984238x.shtml?psid=132704596199106013161846046
【合租】北关 新建村 3室次卧,新建村,2160,http://bj.58.com/pinpaigongyu/32580934644676x.shtml?psid=132704596199106013161846046
【整租】马连道 茗筑大厦 1室1厅,茗筑大厦,2800,http://bj.58.com/pinpaigongyu/31682130710830x.shtml?psid=132704596199106013161846046
【合租】常营 连心园 3室主卧,连心园,3160,http://bj.58.com/pinpaigongyu/32646970332223x.shtml?psid=132704596199106013161846046
【合租】亦庄 南海家园六里 2室次卧,南海家园六里,2000,http://bj.58.com/pinpaigongyu/32951069297068x.shtml?psid=132704596199106013161846046
【合租】其他 新建村小区 3室主卧,新建村小区,2490,http://bj.58.com/pinpaigongyu/33045666860718x.shtml?psid=132704596199106013161846046
【合租】后沙峪 吉祥花园小区 3室主卧,吉祥花园小区,2300,http://bj.58.com/pinpaigongyu/32522932731058x.shtml?psid=132704596199106013161846046
【整租】广安门外 京铁和园 1室1厅,京铁和园,2800,http://bj.58.com/pinpaigongyu/31673559819974x.shtml?psid=132704596199106013161846046
【合租】朝青板块 国美第一城2号院 4室主卧,国美第一城2号院,2710,http://bj.58.com/pinpaigongyu/31186500180521x.shtml?psid=132704596199106013161846046
【合租】八角 碣石坪 2室次卧,碣石坪,2280,http://bj.58.com/pinpaigongyu/32895721425089x.shtml?psid=132704596199106013161846046
【合租】木樨园 东木樨园 3室主卧,东木樨园,2520,http://bj.58.com/pinpaigongyu/33046583506242x.shtml?psid=132704596199106013161846046
【合租】北关 新建村 3室主卧,新建村,2560,http://bj.58.com/pinpaigongyu/32160748011566x.shtml?psid=132704596199106013161846046
【整租】马连道 红莲南里 1室1厅,红莲南里,2800,http://bj.58.com/pinpaigongyu/31673448388787x.shtml?psid=130443583199106013216858084
【整租】魔方公寓 石榴庄 丰台石榴庄A店,石榴庄,3000-4500,http://bj.58.com/pinpaigongyu/32954374320938x.shtml?psid=130443583199106013216858084
【整租】皂君庙 大钟寺 1室1厅,大钟寺,2600,http://bj.58.com/pinpaigongyu/32928945599670x.shtml?psid=130443583199106013216858084
【合租】垡头 金蝉北里 3室主卧,金蝉北里,2410,http://bj.58.com/pinpaigongyu/33045655563080x.shtml?psid=130443583199106013216858084
【合租】物资学院路 新建村 4室次卧,新建村,2350,http://bj.58.com/pinpaigongyu/32106450649132x.shtml?psid=130443583199106013216858084
【整租】青遇home 果园 青遇东郎,果园,2500-3200,http://bj.58.com/pinpaigongyu/32721034717637x.shtml?psid=130443583199106013216858084
【合租】宋家庄 鑫兆雅园(北区) 4室主卧,鑫兆雅园(北区),3200,http://bj.58.com/pinpaigongyu/33042717698363x.shtml?psid=130443583199106013216858084
【整租】沙河 绿城雅居 2室1厅,绿城雅居,4000,http://bj.58.com/pinpaigongyu/33028526533962x.shtml?psid=130443583199106013216858084
【合租】西三旗 金榜园 4室主卧,金榜园,2550,http://bj.58.com/pinpaigongyu/33045444811981x.shtml?psid=130443583199106013216858084
【合租】安贞 安贞西里二区 3室次卧,安贞西里二区,2700,http://bj.58.com/pinpaigongyu/32117212451783x.shtml?psid=130443583199106013216858084
【整租】马连道 第三区 1室1厅,第三区,3000,http://bj.58.com/pinpaigongyu/31725772407468x.shtml?psid=130443583199106013216858084
【合租】双井 苹果社区(南区) 3室主卧,苹果社区(南区),3500,http://bj.58.com/pinpaigongyu/33000968465340x.shtml?psid=130443583199106013216858084
【整租】黄村 义和庄北里 1室1厅,义和庄北里,2800,http://bj.58.com/pinpaigongyu/32895598248898x.shtml?psid=130443583199106013216858084
【合租】回龙观 东亚上北 3室主卧,东亚上北,2300,http://bj.58.com/pinpaigongyu/33045467280846x.shtml?psid=130443583199106013216858084
【合租】北关 新建村 4室次卧,新建村,2000,http://bj.58.com/pinpaigongyu/32105419324091x.shtml?psid=130443583199106013216858084
【整租】马连道 红莲南里 1室0厅,红莲南里,2800,http://bj.58.com/pinpaigongyu/31725748815696x.shtml?psid=130443583199106013216858084
【合租】三里屯 南三里屯小区 3室主卧,南三里屯小区,3900,http://bj.58.com/pinpaigongyu/33000367212980x.shtml?psid=130443583199106013216858084
【整租】小红门 鸿博家园一期 1室1厅,鸿博家园一期,4000,http://bj.58.com/pinpaigongyu/32995234464717x.shtml?psid=130443583199106013216858084
【合租】回龙观 东亚上北 3室次卧,东亚上北,2240,http://bj.58.com/pinpaigongyu/33045481046344x.shtml?psid=130443583199106013216858084
【合租】后沙峪 蓝星花园 3室次卧,蓝星花园,2300,http://bj.58.com/pinpaigongyu/32115816110533x.shtml?psid=130443583199106013216858084
【整租】马连道 第三区 1室1厅,第三区,2800,http://bj.58.com/pinpaigongyu/31707245472330x.shtml?psid=155633064199106013259311161
【整租】乐乎社区 百子湾 百子湾花园店,百子湾,2700-3400,http://bj.58.com/pinpaigongyu/32857225796688x.shtml?psid=155633064199106013259311161
【合租】亦庄 南海家园六里 2室主卧,南海家园六里,2400,http://bj.58.com/pinpaigongyu/32951068760362x.shtml?psid=155633064199106013259311161
【合租】常营 保利嘉园1号院 3室次卧,保利嘉园1号院,2050,http://bj.58.com/pinpaigongyu/33045382971340x.shtml?psid=155633064199106013259311161
【整租】六里桥 首科花园 1室0厅,首科花园,2800,http://bj.58.com/pinpaigongyu/31528928029490x.shtml?psid=155633064199106013259311161
【整租】远江公寓 运河大街 运河大街店,运河大街,2680-2880,http://bj.58.com/pinpaigongyu/31773767388235x.shtml?psid=155633064199106013259311161
【整租】黄村 格林雅苑 3室1厅,格林雅苑,2950,http://bj.58.com/pinpaigongyu/33028503256143x.shtml?psid=155633064199106013259311161
【合租】广渠门 广渠家园 3室次卧,广渠家园,2330,http://bj.58.com/pinpaigongyu/33045433368651x.shtml?psid=155633064199106013259311161
【整租】马连道 格调小区 1室0厅,格调小区,2800,http://bj.58.com/pinpaigongyu/31527371662273x.shtml?psid=155633064199106013259311161
【合租】潘家园 弘善家园 3室次卧,弘善家园,2300,http://bj.58.com/pinpaigongyu/32976107185974x.shtml?psid=155633064199106013259311161
【合租】亦庄 南海家园六里 2室次卧,南海家园六里,3000,http://bj.58.com/pinpaigongyu/31988937373002x.shtml?psid=155633064199106013259311161
【合租】广渠门 广渠家园 3室次卧,广渠家园,2930,http://bj.58.com/pinpaigongyu/33045429821362x.shtml?psid=155633064199106013259311161
【整租】丽泽桥 丽泽雅园 1室0厅,丽泽雅园,2800,http://bj.58.com/pinpaigongyu/31725939578294x.shtml?psid=155633064199106013259311161
【合租】大望路 外企公寓 4室主卧,【合租】大望路,4000,http://bj.58.com/pinpaigongyu/32956284286670x.shtml?psid=155633064199106013259311161
【整租】昌平县城 顺玮阁宿舍楼 2室1厅,顺玮阁宿舍楼,3300,http://bj.58.com/pinpaigongyu/33050649010221x.shtml?psid=155633064199106013259311161
【合租】常营  4室主卧,4室主卧,2410,http://bj.58.com/pinpaigongyu/33045379850696x.shtml?psid=155633064199106013259311161
【整租】六里桥 首科花园 1室0厅,首科花园,2800,http://bj.58.com/pinpaigongyu/31427244909997x.shtml?psid=155633064199106013259311161
【合租】新华大街 潞河中学北街26 3室主卧,潞河中学北街26,2000,http://bj.58.com/pinpaigongyu/32955108082990x.shtml?psid=155633064199106013259311161
【合租】生物医药基地 金科嘉苑 3室次卧,金科嘉苑,2080,http://bj.58.com/pinpaigongyu/32950926713645x.shtml?psid=155633064199106013259311161
【合租】天通苑 天通苑东二区 4室主卧,天通苑东二区,2330,http://bj.58.com/pinpaigongyu/33044856810683x.shtml?psid=155633064199106013259311161
【整租】马连道 格调小区 1室0厅,格调小区,2200,http://bj.58.com/pinpaigongyu/32027370536625x.shtml?psid=176653027199106013303635942
【整租】乐乎公寓 十里河 十里河店,十里河,3500-4200,http://bj.58.com/pinpaigongyu/32456796527659x.shtml?psid=176653027199106013303635942
【合租】常营 常营民族家园 3室主卧,常营民族家园,2490,http://bj.58.com/pinpaigongyu/33045057452239x.shtml?psid=176653027199106013303635942
【整租】丽泽桥 丽泽雅园 1室0厅,丽泽雅园,3000,http://bj.58.com/pinpaigongyu/31726121281091x.shtml?psid=176653027199106013303635942
【合租】双桥 康惠园三号院 3室主卧,康惠园三号院,2740,http://bj.58.com/pinpaigongyu/32922375453133x.shtml?psid=176653027199106013303635942
【整租】窝趣 高碑店 窝趣北京高碑店,高碑店,2600-3000,http://bj.58.com/pinpaigongyu/31497422041260x.shtml?psid=176653027199106013303635942
【整租】太平桥 首科花园 1室0厅,首科花园,3000,http://bj.58.com/pinpaigongyu/31507672312891x.shtml?psid=176653027199106013303635942
【合租】CBD 阳光100国际公 3室主卧,阳光100国际公,3200,http://bj.58.com/pinpaigongyu/33003997915456x.shtml?psid=176653027199106013303635942
【合租】天通苑 天通苑北二区 3室主卧,天通苑北二区,2520,http://bj.58.com/pinpaigongyu/33044642869566x.shtml?psid=176653027199106013303635942
【整租】马连道 第三区 1室1厅,第三区,3000,http://bj.58.com/pinpaigongyu/31725762446031x.shtml?psid=176653027199106013303635942
【合租】双桥 东一时区 3室次卧,东一时区,2600,http://bj.58.com/pinpaigongyu/33000816803390x.shtml?psid=176653027199106013303635942
【合租】天通苑 天通苑西二区 3室主卧,天通苑西二区,2330,http://bj.58.com/pinpaigongyu/33044618445251x.shtml?psid=176653027199106013303635942
【整租】丽泽桥 丽泽雅园 1室0厅,丽泽雅园,2800,http://bj.58.com/pinpaigongyu/31726111432756x.shtml?psid=176653027199106013303635942
【合租】劲松 建工家园 3室主卧,建工家园,3000,http://bj.58.com/pinpaigongyu/32987199473094x.shtml?psid=176653027199106013303635942
【合租】天通苑 天通苑北一区 3室主卧,天通苑北一区,2510,http://bj.58.com/pinpaigongyu/33044643531052x.shtml?psid=176653027199106013303635942
【整租】六里桥 首科花园 1室0厅,首科花园,2800,http://bj.58.com/pinpaigongyu/31593975495362x.shtml?psid=176653027199106013303635942
【合租】双井 百环家园 3室主卧,百环家园,3500,http://bj.58.com/pinpaigongyu/32956523265322x.shtml?psid=176653027199106013303635942
【合租】回龙观 良庄家园 3室主卧,良庄家园,2120,http://bj.58.com/pinpaigongyu/33044133570218x.shtml?psid=176653027199106013303635942
【整租】马连道 格调小区 1室0厅,格调小区,2800,http://bj.58.com/pinpaigongyu/31681501505326x.shtml?psid=176653027199106013303635942
【合租】潘家园 翌景嘉园 3室主卧,翌景嘉园,2880,http://bj.58.com/pinpaigongyu/31184613131182x.shtml?psid=176653027199106013303635942
【合租】马家堡 西马金润家园 3室次卧,西马金润家园,2110,http://bj.58.com/pinpaigongyu/33044430880198x.shtml?psid=163607385199106013351047133
【整租】魔方公寓 鲁谷 鲁谷东街店,鲁谷,4000-6000,http://bj.58.com/pinpaigongyu/32955237238598x.shtml?psid=163607385199106013351047133
【合租】中仓 西营前街小区 1室主卧,西营前街小区,2330,http://bj.58.com/pinpaigongyu/31119665281709x.shtml?psid=163607385199106013351047133
【合租】西罗园 怡然家园 3室次卧,怡然家园,2470,http://bj.58.com/pinpaigongyu/33044435676723x.shtml?psid=163607385199106013351047133
【整租】马连道 茗筑大厦 1室0厅,茗筑大厦,2800,http://bj.58.com/pinpaigongyu/32788110964017x.shtml?psid=163607385199106013351047133
【整租】青遇home 果园 青遇东郎,果园,2700-3200,http://bj.58.com/pinpaigongyu/32735108230710x.shtml?psid=163607385199106013351047133
【合租】马家堡 嘉园二里 4室次卧,嘉园二里,2040,http://bj.58.com/pinpaigongyu/33044304782404x.shtml?psid=163607385199106013351047133
【整租】马连道 太平里 1室0厅,太平里,2800,http://bj.58.com/pinpaigongyu/31681872480561x.shtml?psid=163607385199106013351047133
【合租】清河 宝盛里观景园 4室主卧,宝盛里观景园,2400,http://bj.58.com/pinpaigongyu/33001023315766x.shtml?psid=163607385199106013351047133
【合租】望京 望京西园三区 5室主卧,望京西园三区,2890,http://bj.58.com/pinpaigongyu/33043983213884x.shtml?psid=163607385199106013351047133
【整租】马连道 格调小区 1室0厅,格调小区,2800,http://bj.58.com/pinpaigongyu/31682491591351x.shtml?psid=163607385199106013351047133
【合租】管庄 远洋一方润园西区 3室主卧,远洋一方润园西区,2300,http://bj.58.com/pinpaigongyu/33000925852472x.shtml?psid=163607385199106013351047133
【合租】四惠 通惠家园惠民园 3室主卧,通惠家园惠民园,2830,http://bj.58.com/pinpaigongyu/33043021113032x.shtml?psid=163607385199106013351047133
【整租】马连道 红莲北里17号院 1室0厅,红莲北里17号院,2800,http://bj.58.com/pinpaigongyu/31681414980807x.shtml?psid=163607385199106013351047133
【合租】方庄 南方庄69号院 3室主卧,南方庄69号院,3000,http://bj.58.com/pinpaigongyu/33000377986384x.shtml?psid=163607385199106013351047133
【合租】四惠 通惠家园惠生园 5室主卧,通惠家园惠生园,2830,http://bj.58.com/pinpaigongyu/33042958091087x.shtml?psid=163607385199106013351047133
【整租】马连道 格调小区 1室0厅,格调小区,2800,http://bj.58.com/pinpaigongyu/31681420615482x.shtml?psid=163607385199106013351047133
【合租】清河 永泰东里 3室主卧,永泰东里,2460,http://bj.58.com/pinpaigongyu/32993247459636x.shtml?psid=163607385199106013351047133
【合租】北苑 世华泊郡 4室次卧,世华泊郡,2640,http://bj.58.com/pinpaigongyu/33042869004206x.shtml?psid=163607385199106013351047133
【整租】六里桥 首科花园 1室0厅,首科花园,2800,http://bj.58.com/pinpaigongyu/31604494175044x.shtml?psid=163607385199106013351047133
【合租】朝青板块 国美第一城3号院 4室次卧,国美第一城3号院,3000,http://bj.58.com/pinpaigongyu/32967456829611x.shtml?psid=196340990199106013397845086
【整租】乐乎社区 总部基地 城乡总部基地店,总部基地,2200-2400,http://bj.58.com/pinpaigongyu/32282468470326x.shtml?psid=196340990199106013397845086
【整租】丽泽桥 丽泽雅园 1室0厅,丽泽雅园,3000,http://bj.58.com/pinpaigongyu/31681995755305x.shtml?psid=196340990199106013397845086
【合租】成寿寺 中海城圣朝菲 4室主卧,中海城圣朝菲,3100,http://bj.58.com/pinpaigongyu/32956206939707x.shtml?psid=196340990199106013397845086
【合租】宋家庄 红狮家园 3室次卧,红狮家园,2560,http://bj.58.com/pinpaigongyu/33042753664066x.shtml?psid=196340990199106013397845086
【整租】远江公寓 运河大街 运河大街店,运河大街,2680-2880,http://bj.58.com/pinpaigongyu/31486489258153x.shtml?psid=196340990199106013397845086
【合租】回龙观 龙锦苑东三区 3室主卧,龙锦苑东三区,2890,http://bj.58.com/pinpaigongyu/32955174395438x.shtml?psid=196340990199106013397845086
【整租】北关 新光大中心 1室0厅,新光大中心,3260,http://bj.58.com/pinpaigongyu/33042524491088x.shtml?psid=196340990199106013397845086
【整租】六里桥 首科花园 1室0厅,首科花园,3000,http://bj.58.com/pinpaigongyu/32124343516746x.shtml?psid=196340990199106013397845086
【合租】涿州 怡馨园 3室主卧,怡馨园,3300,http://bj.58.com/pinpaigongyu/32954868689340x.shtml?psid=196340990199106013397845086
【合租】回龙观 融泽嘉园2号院 3室次卧,融泽嘉园2号院,2120,http://bj.58.com/pinpaigongyu/33068547294252x.shtml?psid=196340990199106013397845086
【整租】马连道 格调小区 1室0厅,格调小区,2800,http://bj.58.com/pinpaigongyu/31703829361339x.shtml?psid=196340990199106013397845086
【合租】常营 常营民族家园 3室主卧,常营民族家园,2900,http://bj.58.com/pinpaigongyu/32955032644675x.shtml?psid=196340990199106013397845086
【合租】回龙观 东亚上北中心 3室次卧,东亚上北中心,2140,http://bj.58.com/pinpaigongyu/33066318277292x.shtml?psid=196340990199106013397845086
【整租】马连道 茗筑大厦 1室0厅,茗筑大厦,3000,http://bj.58.com/pinpaigongyu/31703831687870x.shtml?psid=196340990199106013397845086
【合租】双井 百环家园 4室次卧,百环家园,3530,http://bj.58.com/pinpaigongyu/33066704397379x.shtml?psid=196340990199106013397845086
【合租】天通苑 天通苑东一区 4室次卧,天通苑东一区,2070,http://bj.58.com/pinpaigongyu/33057413332666x.shtml?psid=196340990199106013397845086
【整租】马连道 红莲北里 1室0厅,红莲北里,2800,http://bj.58.com/pinpaigongyu/31681857213611x.shtml?psid=196340990199106013397845086
【合租】廊坊 新华小区 3室主卧,新华小区,2200,http://bj.58.com/pinpaigongyu/33003910461114x.shtml?psid=196340990199106013397845086
【合租】其他 新建村小区 3室主卧,新建村小区,2400,http://bj.58.com/pinpaigongyu/33045683493059x.shtml?psid=196340990199106013397845086
【整租】太平桥 首科花园 1室0厅,首科花园,3000,http://bj.58.com/pinpaigongyu/31507394625850x.shtml?psid=121851226199106013506936306
【整租】乐乎公寓 四惠 传媒大学店,四惠,2500-2900,http://bj.58.com/pinpaigongyu/32359575107024x.shtml?psid=121851226199106013506936306
【合租】天通苑 东亚奥北中心 3室主卧,东亚奥北中心,3130,http://bj.58.com/pinpaigongyu/33055568289967x.shtml?psid=121851226199106013506936306
【整租】丽泽桥 丽泽雅园 1室0厅,丽泽雅园,3000,http://bj.58.com/pinpaigongyu/31528911643191x.shtml?psid=121851226199106013506936306
【合租】潘家园 百环花园 3室主卧,百环花园,3100,http://bj.58.com/pinpaigongyu/33000388044226x.shtml?psid=121851226199106013506936306
【整租】窝趣 龙潭湖 窝趣公寓WOW,龙潭湖,3700-4200,http://bj.58.com/pinpaigongyu/31330829987912x.shtml?psid=121851226199106013506936306
【整租】马连道 格调小区 1室1厅,格调小区,2800,http://bj.58.com/pinpaigongyu/31924855143602x.shtml?psid=121851226199106013506936306
【合租】方庄 南方庄69号院 3室主卧,南方庄69号院,3000,http://bj.58.com/pinpaigongyu/32988608715193x.shtml?psid=121851226199106013506936306
【合租】马连洼 裕和嘉园 3室次卧,裕和嘉园,2770,http://bj.58.com/pinpaigongyu/33045543332043x.shtml?psid=121851226199106013506936306
【合租】双井 百环家园 3室主卧,百环家园,3200,http://bj.58.com/pinpaigongyu/32967030917200x.shtml?psid=121851226199106013506936306
【整租】马连道 三义里 1室1厅,三义里,2800,http://bj.58.com/pinpaigongyu/31195733960004x.shtml?psid=121851226199106013506936306
【合租】回龙观 云趣园三区 3室主卧,云趣园三区,2690,http://bj.58.com/pinpaigongyu/33045547703862x.shtml?psid=121851226199106013506936306
【合租】朝青板块 国美第一城3号院 4室主卧,国美第一城3号院,3000,http://bj.58.com/pinpaigongyu/32956195874115x.shtml?psid=121851226199106013506936306
【整租】马连道 欧园北欧印象 1室0厅,欧园北欧印象,2800,http://bj.58.com/pinpaigongyu/31726115637174x.shtml?psid=121851226199106013506936306
【合租】回龙观 回龙观新村西区 4室次卧,回龙观新村西区,2430,http://bj.58.com/pinpaigongyu/33045514272812x.shtml?psid=121851226199106013506936306
【合租】朝青板块 汇成家园 3室主卧,汇成家园,3900,http://bj.58.com/pinpaigongyu/32955926180557x.shtml?psid=121851226199106013506936306
【合租】广渠门 广渠家园 3室次卧,广渠家园,2420,http://bj.58.com/pinpaigongyu/33045437255595x.shtml?psid=121851226199106013506936306
【整租】马连道 红莲北里 1室0厅,红莲北里,2800,http://bj.58.com/pinpaigongyu/31682472018759x.shtml?psid=121851226199106013506936306
【合租】工体 东三里屯社区 3室主卧,东三里屯社区,3969,http://bj.58.com/pinpaigongyu/32647369105449x.shtml?psid=121851226199106013506936306
【合租】回龙观 东亚上北 3室次卧,东亚上北,2300,http://bj.58.com/pinpaigongyu/33045480518842x.shtml?psid=121851226199106013506936306
【整租】马连道 茗筑大厦 1室0厅,茗筑大厦,2800,http://bj.58.com/pinpaigongyu/31682021302572x.shtml?psid=104270125199106013549514905
【整租】魔方公寓 石榴庄 丰台石榴庄B店,石榴庄,3000-5000,http://bj.58.com/pinpaigongyu/32954375669290x.shtml?psid=104270125199106013549514905
【合租】回龙观 良庄家园 4室主卧,良庄家园,2520,http://bj.58.com/pinpaigongyu/33045451618253x.shtml?psid=104270125199106013549514905
【整租】马连道 三义里 1室0厅,三义里,2700,http://bj.58.com/pinpaigongyu/31692787296431x.shtml?psid=104270125199106013549514905
【合租】双井 怡馨园 4室主卧,怡馨园,3410,http://bj.58.com/pinpaigongyu/31141777333937x.shtml?psid=104270125199106013549514905
【整租】青遇home 果园 青遇东郎,果园,2800-3000,http://bj.58.com/pinpaigongyu/32967460671530x.shtml?psid=104270125199106013549514905
【整租】马连道 红莲北里 1室0厅,红莲北里,2800,http://bj.58.com/pinpaigongyu/31714795435974x.shtml?psid=104270125199106013549514905
【合租】垡头 格林莱雅 3室主卧,格林莱雅,3000,http://bj.58.com/pinpaigongyu/33004092297416x.shtml?psid=104270125199106013549514905
【合租】西三旗 金榜园 4室次卧,金榜园,2150,http://bj.58.com/pinpaigongyu/33045442806065x.shtml?psid=104270125199106013549514905
【整租】马连道 格调小区 1室0厅,格调小区,2800,http://bj.58.com/pinpaigongyu/31683867985455x.shtml?psid=104270125199106013549514905
【合租】霍营 天鑫家园 3室主卧,天鑫家园,2300,http://bj.58.com/pinpaigongyu/33000665985736x.shtml?psid=104270125199106013549514905
【合租】常营 常营民族家园 3室主卧,常营民族家园,2580,http://bj.58.com/pinpaigongyu/33045059273420x.shtml?psid=104270125199106013549514905
【整租】马连道 三义里 1室1厅,三义里,2800,http://bj.58.com/pinpaigongyu/31681728553267x.shtml?psid=104270125199106013549514905
【合租】三里屯 中纺东里 3室主卧,中纺东里,3400,http://bj.58.com/pinpaigongyu/32993466611384x.shtml?psid=104270125199106013549514905
【合租】常营 常营民族家园 4室主卧,常营民族家园,2330,http://bj.58.com/pinpaigongyu/33045056130884x.shtml?psid=104270125199106013549514905
【整租】马连道 太平里 1室0厅,太平里,2800,http://bj.58.com/pinpaigongyu/31717080907850x.shtml?psid=104270125199106013549514905
【合租】双桥 康泉小区 3室主卧,康泉小区,2000,http://bj.58.com/pinpaigongyu/32956373819600x.shtml?psid=104270125199106013549514905
【合租】常营 常营民族家园 3室主卧,常营民族家园,2460,http://bj.58.com/pinpaigongyu/33045058054834x.shtml?psid=104270125199106013549514905
【整租】丽泽桥 丽泽雅园 1室1厅,丽泽雅园,2800,http://bj.58.com/pinpaigongyu/31673472267207x.shtml?psid=104270125199106013549514905
【合租】双桥 康惠园一号院 3室主卧,康惠园一号院,2860,http://bj.58.com/pinpaigongyu/32922387604558x.shtml?psid=104270125199106013549514905
【合租】常营 常营民族家园 4室主卧,常营民族家园,2330,http://bj.58.com/pinpaigongyu/33045093675728x.shtml?psid=181647418199106013591314048
【整租】乐乎社区 百子湾 百子湾花园店,百子湾,2700-3400,http://bj.58.com/pinpaigongyu/32857212070966x.shtml?psid=181647418199106013591314048
【合租】通州北苑 北苑南路24号院 5室主卧,北苑南路24号院,2250,http://bj.58.com/pinpaigongyu/31140988193345x.shtml?psid=181647418199106013591314048
【合租】天通苑 天通苑东二区 4室主卧,天通苑东二区,2540,http://bj.58.com/pinpaigongyu/33044779886506x.shtml?psid=181647418199106013591314048
【合租】垡头 格林莱雅 3室主卧,格林莱雅,2500,http://bj.58.com/pinpaigongyu/33001057801675x.shtml?psid=181647418199106013591314048
【整租】远江公寓 运河大街 运河大街店,运河大街,2480-2880,http://bj.58.com/pinpaigongyu/31497326219823x.shtml?psid=181647418199106013591314048
【合租】姚家园 姚家园东里八号院 4室主卧,姚家园东里八号院,3500,http://bj.58.com/pinpaigongyu/33000597046315x.shtml?psid=181647418199106013591314048
【合租】常营 常营民族家园 4室主卧,常营民族家园,2660,http://bj.58.com/pinpaigongyu/33044946537419x.shtml?psid=181647418199106013591314048
【合租】清河 清河毛纺南小区 3室主卧,清河毛纺南小区,2430,http://bj.58.com/pinpaigongyu/32988540593360x.shtml?psid=181647418199106013591314048
【合租】天通苑 天通苑东二区 5室主卧,天通苑东二区,2330,http://bj.58.com/pinpaigongyu/33044718401995x.shtml?psid=181647418199106013591314048
【合租】垡头 格林莱雅 3室次卧,格林莱雅,2600,http://bj.58.com/pinpaigongyu/32987187897798x.shtml?psid=181647418199106013591314048
【合租】马家堡 旭日嘉园 3室主卧,旭日嘉园,3140,http://bj.58.com/pinpaigongyu/33044549759165x.shtml?psid=181647418199106013591314048
【合租】马家堡 马家堡东路86号 3室次卧,马家堡东路86号,2390,http://bj.58.com/pinpaigongyu/32956679440565x.shtml?psid=181647418199106013591314048
【合租】回龙观 良庄家园 3室主卧,良庄家园,2580,http://bj.58.com/pinpaigongyu/33044073797930x.shtml?psid=181647418199106013591314048
【合租】朝青板块 国美第一城3号院 3室主卧,国美第一城3号院,3120,http://bj.58.com/pinpaigongyu/31682297840318x.shtml?psid=181647418199106013591314048
【合租】霍营 天鑫家园 4室主卧,天鑫家园,2240,http://bj.58.com/pinpaigongyu/33044126921660x.shtml?psid=181647418199106013591314048
【合租】常营 保利嘉园3号院 3室主卧,保利嘉园3号院,3000,http://bj.58.com/pinpaigongyu/33001102793532x.shtml?psid=181647418199106013591314048
【合租】回龙观 良庄家园 4室主卧,良庄家园,2950,http://bj.58.com/pinpaigongyu/33044113999300x.shtml?psid=181647418199106013591314048
【合租】大望路 外企公寓 3室主卧,【合租】大望路,3300,http://bj.58.com/pinpaigongyu/33003943637707x.shtml?psid=181647418199106013591314048
【合租】十里堡 都会华庭 4室次卧,都会华庭,2420,http://bj.58.com/pinpaigongyu/33042966476713x.shtml?psid=181647418199106013591314048
【合租】新华大街 潞河中学北街小区 3室主卧,潞河中学北街小区,2090,http://bj.58.com/pinpaigongyu/33001250536247x.shtml?psid=165274706199106013632160137
【整租】乐乎公寓 欢乐谷 五方桥店,欢乐谷,2450-2850,http://bj.58.com/pinpaigongyu/32426109427768x.shtml?psid=165274706199106013632160137
【合租】中仓 西营前街小区 3室主卧,西营前街小区,3100,http://bj.58.com/pinpaigongyu/33000809496618x.shtml?psid=165274706199106013632160137
【合租】四惠 通惠家园惠泽园 4室主卧,通惠家园惠泽园,3350,http://bj.58.com/pinpaigongyu/33042959558956x.shtml?psid=165274706199106013632160137
【合租】双桥 东一时区 3室主卧,东一时区,2020,http://bj.58.com/pinpaigongyu/32993364573372x.shtml?psid=165274706199106013632160137
【整租】窝趣 机场 北京机场轻社区,机场,2350-3500,http://bj.58.com/pinpaigongyu/31475239600964x.shtml?psid=165274706199106013632160137
【合租】朝青板块 雅成一里 3室主卧,雅成一里,2700,http://bj.58.com/pinpaigongyu/32955834990023x.shtml?psid=165274706199106013632160137
【合租】马家堡 城南嘉园益城园 3室主卧,城南嘉园益城园,3580,http://bj.58.com/pinpaigongyu/33066011673928x.shtml?psid=165274706199106013632160137
【合租】大望路 外企公寓 5室次卧,【合租】大望路,3200,http://bj.58.com/pinpaigongyu/32954565507121x.shtml?psid=165274706199106013632160137
【合租】常营 柏林爱乐 3室主卧,柏林爱乐,3350,http://bj.58.com/pinpaigongyu/33066627556804x.shtml?psid=165274706199106013632160137
【合租】垡头 金蝉南里 3室主卧,金蝉南里,3200,http://bj.58.com/pinpaigongyu/33001086854579x.shtml?psid=165274706199106013632160137
【合租】潘家园 百环花园 3室主卧,百环花园,3360,http://bj.58.com/pinpaigongyu/33065319896388x.shtml?psid=165274706199106013632160137
【合租】通州北苑 北苑南路24号院 3室主卧,北苑南路24号院,3190,http://bj.58.com/pinpaigongyu/32956723855034x.shtml?psid=165274706199106013632160137
【合租】天通苑 天通苑东三区 3室主卧,天通苑东三区,2430,http://bj.58.com/pinpaigongyu/33058408903616x.shtml?psid=165274706199106013632160137
【合租】方庄 方庄南路18号院 4室主卧,方庄南路18号院,3000,http://bj.58.com/pinpaigongyu/32956352261308x.shtml?psid=165274706199106013632160137
【合租】其他 新建村小区 3室主卧,新建村小区,2300,http://bj.58.com/pinpaigongyu/33045668507820x.shtml?psid=165274706199106013632160137
【合租】朝青板块 雅成一里 3室主卧,雅成一里,3800,http://bj.58.com/pinpaigongyu/32955816804685x.shtml?psid=165274706199106013632160137
【合租】其他 新建村小区 3室次卧,新建村小区,2190,http://bj.58.com/pinpaigongyu/33045686074691x.shtml?psid=165274706199106013632160137
【合租】宋家庄 鑫兆雅园(南区) 4室次卧,鑫兆雅园(南区),3000,http://bj.58.com/pinpaigongyu/32955437819695x.shtml?psid=165274706199106013632160137
【合租】回龙观 上奥世纪中心 3室主卧,上奥世纪中心,3020,http://bj.58.com/pinpaigongyu/33045540231475x.shtml?psid=165274706199106013632160137
【合租】劲松 建工家园 3室主卧,建工家园,3100,http://bj.58.com/pinpaigongyu/32956268005830x.shtml?psid=178468275199106013705163839
【整租】魔方公寓 亦庄 大兴亦庄店,亦庄,3470-4100,http://bj.58.com/pinpaigongyu/32954369505210x.shtml?psid=178468275199106013705163839
【合租】双桥 康惠园二号院 3室主卧,康惠园二号院,2650,http://bj.58.com/pinpaigongyu/32955724067275x.shtml?psid=178468275199106013705163839
【合租】黄村 车站中里 4室主卧,车站中里,2100,http://bj.58.com/pinpaigongyu/33045540967094x.shtml?psid=178468275199106013705163839
【合租】管庄 远洋一方润园西区 4室主卧,远洋一方润园西区,2020,http://bj.58.com/pinpaigongyu/32943221550006x.shtml?psid=178468275199106013705163839
【整租】青遇home 果园 青遇东郎,果园,2300-3000,http://bj.58.com/pinpaigongyu/32857175913679x.shtml?psid=178468275199106013705163839
【合租】垡头 格林莱雅 5室主卧,格林莱雅,2500,http://bj.58.com/pinpaigongyu/31947371367354x.shtml?psid=178468275199106013705163839
【合租】后沙峪 中景江山赋 3室次卧,中景江山赋,2590,http://bj.58.com/pinpaigongyu/33045510745777x.shtml?psid=178468275199106013705163839
【合租】朝青板块 珠江罗马嘉园(西 4室主卧,珠江罗马嘉园(西,2850,http://bj.58.com/pinpaigongyu/31140337847849x.shtml?psid=178468275199106013705163839
【合租】天通苑 天通苑东一区 3室主卧,天通苑东一区,2630,http://bj.58.com/pinpaigongyu/33045522145716x.shtml?psid=178468275199106013705163839
【合租】常营 北辰福第北区 3室次卧,北辰福第北区,2600,http://bj.58.com/pinpaigongyu/33042779682497x.shtml?psid=178468275199106013705163839
【合租】永定门 华龙美晟 3室次卧,华龙美晟,2780,http://bj.58.com/pinpaigongyu/33045515530060x.shtml?psid=178468275199106013705163839
【合租】朝青板块 国美第一城2号院 3室主卧,国美第一城2号院,3000,http://bj.58.com/pinpaigongyu/33001122038827x.shtml?psid=178468275199106013705163839
【合租】回龙观 龙腾苑二区 4室主卧,龙腾苑二区,2700,http://bj.58.com/pinpaigongyu/33045491055054x.shtml?psid=178468275199106013705163839
【合租】和平里 和平里一区 3室主卧,和平里一区,4000,http://bj.58.com/pinpaigongyu/33000993068215x.shtml?psid=178468275199106013705163839
【合租】回龙观 龙跃苑四区 3室次卧,龙跃苑四区,2150,http://bj.58.com/pinpaigongyu/33045500909513x.shtml?psid=178468275199106013705163839
【合租】CBD 阳光100国际公 4室主卧,阳光100国际公,3650,http://bj.58.com/pinpaigongyu/32967381098431x.shtml?psid=178468275199106013705163839
【合租】霍营 矩阵小区 4室主卧,矩阵小区,2440,http://bj.58.com/pinpaigongyu/33045446786995x.shtml?psid=178468275199106013705163839
【合租】双井 百环家园 4室主卧,百环家园,4000,http://bj.58.com/pinpaigongyu/32956548285231x.shtml?psid=178468275199106013705163839
【合租】北苑 世华泊郡 4室主卧,世华泊郡,3350,http://bj.58.com/pinpaigongyu/33045401132227x.shtml?psid=178468275199106013705163839
【合租】双井 百环家园 3室次卧,百环家园,3003,http://bj.58.com/pinpaigongyu/32647398606282x.shtml?psid=119269193199106013742986388
【整租】乐乎社区 垡头 五方桥,垡头,2450-2850,http://bj.58.com/pinpaigongyu/32437134284090x.shtml?psid=119269193199106013742986388
【合租】双井 九龙花园 4室主卧,九龙花园,3690,http://bj.58.com/pinpaigongyu/31141827055667x.shtml?psid=119269193199106013742986388
【合租】常营 常营民族家园 3室主卧,常营民族家园,2180,http://bj.58.com/pinpaigongyu/33045392430894x.shtml?psid=119269193199106013742986388
【合租】常营 常营民族家园 3室主卧,常营民族家园,2610,http://bj.58.com/pinpaigongyu/33045365193388x.shtml?psid=119269193199106013742986388
【整租】远江公寓 运河大街 运河大街店,运河大街,2680-3380,http://bj.58.com/pinpaigongyu/31486471134127x.shtml?psid=119269193199106013742986388
【合租】天通苑 天通苑北二区 3室主卧,天通苑北二区,2050,http://bj.58.com/pinpaigongyu/33044670635308x.shtml?psid=119269193199106013742986388
【合租】马家堡 明日嘉园 3室主卧,明日嘉园,2830,http://bj.58.com/pinpaigongyu/33044440101809x.shtml?psid=119269193199106013742986388
【合租】回龙观 回龙观新村东区 4室主卧,回龙观新村东区,2460,http://bj.58.com/pinpaigongyu/33044122204357x.shtml?psid=119269193199106013742986388
【合租】马家堡 阳光花园 3室次卧,阳光花园,2690,http://bj.58.com/pinpaigongyu/33044548627403x.shtml?psid=119269193199106013742986388
【合租】回龙观 良庄家园 3室次卧,良庄家园,2120,http://bj.58.com/pinpaigongyu/33044090079683x.shtml?psid=119269193199106013742986388
【合租】望京 世安家园 4室主卧,世安家园,3070,http://bj.58.com/pinpaigongyu/33044047572670x.shtml?psid=119269193199106013742986388
【合租】回龙观 龙跃苑四区 4室主卧,龙跃苑四区,2210,http://bj.58.com/pinpaigongyu/33044092360904x.shtml?psid=119269193199106013742986388
【合租】回龙观 良庄家园 4室次卧,良庄家园,2050,http://bj.58.com/pinpaigongyu/33044089416901x.shtml?psid=119269193199106013742986388
【合租】朝青板块 金隅汇星苑 3室次卧,金隅汇星苑,2240,http://bj.58.com/pinpaigongyu/33043739756103x.shtml?psid=119269193199106013742986388
【合租】四惠 通惠家园惠民园 3室次卧,通惠家园惠民园,2330,http://bj.58.com/pinpaigongyu/33042968270287x.shtml?psid=119269193199106013742986388
【合租】大山子 酒仙桥7号院 3室主卧,酒仙桥7号院,3230,http://bj.58.com/pinpaigongyu/33043980769709x.shtml?psid=119269193199106013742986388
【合租】宋家庄 鑫兆雅园(南区) 3室次卧,鑫兆雅园(南区),2590,http://bj.58.com/pinpaigongyu/33042758976440x.shtml?psid=119269193199106013742986388
【合租】常营 常营民族家园 3室主卧,常营民族家园,2670,http://bj.58.com/pinpaigongyu/33042634823753x.shtml?psid=119269193199106013742986388
【合租】常营 常营民族家园 3室主卧,常营民族家园,2600,http://bj.58.com/pinpaigongyu/33042596105129x.shtml?psid=119269193199106013742986388
【合租】常营 常营民族家园 3室主卧,常营民族家园,2500,http://bj.58.com/pinpaigongyu/33042593065011x.shtml?psid=127037103199106013784369674
【整租】乐乎公寓 科技园区 花乡店,科技园区,2600-3100,http://bj.58.com/pinpaigongyu/32415491801268x.shtml?psid=127037103199106013784369674
【合租】宋家庄 鑫兆雅园(北区) 3室主卧,鑫兆雅园(北区),2990,http://bj.58.com/pinpaigongyu/33042796062925x.shtml?psid=127037103199106013784369674
【合租】常营 常营民族家园 3室主卧,常营民族家园,2640,http://bj.58.com/pinpaigongyu/33042645066427x.shtml?psid=127037103199106013784369674
【合租】马连洼 七彩华园 3室次卧,七彩华园,2150,http://bj.58.com/pinpaigongyu/33066856779587x.shtml?psid=127037103199106013784369674
【整租】窝趣 国贸 WQ方庄公寓,国贸,3700-4200,http://bj.58.com/pinpaigongyu/31364514623043x.shtml?psid=127037103199106013784369674
【合租】方庄 金第润苑 3室次卧,金第润苑,2570,http://bj.58.com/pinpaigongyu/33045816105522x.shtml?psid=127037103199106013784369674
【合租】欢乐谷 金蝉里 3室主卧,金蝉里,2520,http://bj.58.com/pinpaigongyu/33045646153282x.shtml?psid=127037103199106013784369674
【合租】黄村 车站中里 4室主卧,车站中里,2190,http://bj.58.com/pinpaigongyu/33045539894972x.shtml?psid=127037103199106013784369674
【合租】田村 乐府江南 4室主卧,乐府江南,3890,http://bj.58.com/pinpaigongyu/33045548054093x.shtml?psid=127037103199106013784369674
【合租】垡头 金蝉北里 3室次卧,金蝉北里,2150,http://bj.58.com/pinpaigongyu/33045656225717x.shtml?psid=127037103199106013784369674
【合租】西二旗 智学苑 4室次卧,智学苑,2610,http://bj.58.com/pinpaigongyu/33045543692493x.shtml?psid=127037103199106013784369674
【合租】天通苑 天通苑北二区 3室主卧,天通苑北二区,2480,http://bj.58.com/pinpaigongyu/33045531375821x.shtml?psid=127037103199106013784369674
【合租】大兴周边 恒大未来城 3室主卧,恒大未来城,2090,http://bj.58.com/pinpaigongyu/33045520536381x.shtml?psid=127037103199106013784369674
【合租】天通苑 天通苑东一区 3室次卧,天通苑东一区,2270,http://bj.58.com/pinpaigongyu/33045522481981x.shtml?psid=127037103199106013784369674
【合租】常营 连心园 3室次卧,连心园,2590,http://bj.58.com/pinpaigongyu/33045519191855x.shtml?psid=127037103199106013784369674
【合租】管庄 瑞祥里 3室次卧,瑞祥里,2260,http://bj.58.com/pinpaigongyu/33045517091135x.shtml?psid=127037103199106013784369674
【合租】回龙观 良庄家园 3室主卧,良庄家园,2460,http://bj.58.com/pinpaigongyu/33045462721213x.shtml?psid=127037103199106013784369674
【合租】回龙观 龙腾苑五区 4室主卧,龙腾苑五区,2530,http://bj.58.com/pinpaigongyu/33045441579080x.shtml?psid=127037103199106013784369674
【合租】常营  4室次卧,4室次卧,2090,http://bj.58.com/pinpaigongyu/33045377735748x.shtml?psid=127037103199106013784369674
